Player Name,Team,image_url,image_url
Aaron RAMSEY,Arsenal,https://encrypted-tbn0.gstatic.com/images?q=tbn:ANd9GcS-GM1iQwoIRrGke_-dtHbZEz7zpPqPIYa7k-BilWA&s,True
Alexandre SONG,Arsenal,https://c8.alamy.com/compfr/jdc35x/alexandre-song-arsenal-fc-stade-emirates-londres-angleterre-21-fevrier-2009-jdc35x.jpg,True
Alex OXLADE-CHAMBERLAIN,Arsenal,https://w7.pngwing.com/pngs/810/903/png-transparent-alex-oxlade-chamberlain-arsenal-f-c-football-player-sport-footballer-sports-shoe-football-player.png,True
Armand TRAORE,Arsenal,https://www.arsenalpics.com/p/5/armand-traore-arsenal-523433.jpg.webp,True
Francis COQUELIN,Arsenal,https://resources.premierleague.com/premierleague/photos/players/250x250/p56864.png,True
Marouane CHAMAKH,Arsenal,https://e7.pngegg.com/pngimages/553/769/png-clipart-arsenal-f-c-t-shirt-football-player-shoulder-arsenal-f-c-tshirt-jersey.png,True
Mikel ARTETA,Arsenal,https://resources.premierleague.com/premierleague/photos/players/250x250/man51018.png,True
Per MERTESACKER,Arsenal,https://w7.pngwing.com/pngs/884/974/png-transparent-per-mertesacker-arsenal-f-c-t-shirt-premier-league-turners-cross-barbers-arsenal-f-c-tshirt-white-sport.png,True
Yossi BENAYOUN,Arsenal,https://media.gettyimages.com/id/124234790/photo/yossi-benayoun-poses-for-a-photograph-after-signing-for-arsenal-at-london-colney-on-september.jpg?s=612x612&w=gi&k=20&c=iozTC1-1KI1cQPOhm7hNCYDbFI8ropR7S8oBDBv44RQ=,True
Samir NASRI,Arsenal,https://e7.pngegg.com/pngimages/42/801/png-clipart-team-sport-football-player-sports-robin-van-persie-arsenal-team-sports-equipment.png,True
Nicklas BENDTNER,Arsenal,https://e7.pngegg.com/pngimages/362/677/png-clipart-football-player-team-sport-joel-campbell-sport-sports-equipment-thumbnail.png,True
Ignasi MIQUEL,Arsenal,https://static.wikia.nocookie.net/the-football-database/images/1/17/Ignasi_Miquel.png/revision/latest/scale-to-width-down/200?cb=20140811135836,True
Andre SANTOS,Arsenal,https://media.gettyimages.com/id/123123455/fr/photo/andre-santos-poses-for-a-portrait-as-he-signs-for-arsenal-from-as-monaco-at-london-colney-on.jpg?s=612x612&w=gi&k=20&c=jpo9x3mwvmCwF2bLMjo2ZFJYCwhPxC1JhwOdaERXgwk=,True
Henri LANSBURY,Arsenal,https://resources.premierleague.com/premierleague/photos/players/250x250/p40564.png,True
Yao GERVINHO,Arsenal,https://c8.alamy.com/compfr/2bat169/gervinho-arsenal-2bat169.jpg,True
Wojciech SZCZESNY,Arsenal,https://cdn.imgbin.com/3/19/14/imgbin-wojciech-szcz-sny-juventus-f-c-arsenal-f-c-jersey-soccer-player-szczesny-8ratUedVzqLTJYmDSpbtyFzKe.jpg,True
Carl JENKINSON,Arsenal,https://resources.premierleague.com/premierleague/photos/players/250x250/p80254.png,True
Thomas VERMAELEN,Arsenal,https://e7.pngegg.com/pngimages/309/480/png-clipart-thomas-vermaelen-fc-barcelona-camp-nou-arsenal-f-c-jersey-fc-barcelona-tshirt-blue.png,True
Park CHU-YOUNG,Arsenal,https://www.arsenalpics.com/p/5/park-chu-young-arsenal-arsenal-training-ground-5445819.jpg.webp,True
Nico YENNARIS,Arsenal,https://www.arsenal.com/sites/default/files/styles/large_16x9/public/gun__1362584422_yennaris2.jpg?itok=p9K36vZ6,True
Andrey ARSHAVIN,Arsenal,https://e7.pngegg.com/pngimages/831/906/png-clipart-arsenal-f-c-premier-league-football-player-rendering-team-sport-arsenal-f-c-jersey-shoe-thumbnail.png,True
Thierry HENRY,Arsenal,https://e7.pngegg.com/pngimages/466/820/png-clipart-thierry-henry-arsenal-f-c-premier-league-golden-boot-football-player-arsenal-f-c-tshirt-jersey-thumbnail.png,True
Bacary SAGNA,Arsenal,https://futhead.cursecdn.com/static/img/14/players/163419.png,True
Sebastien SQUILLACI,Arsenal,https://upload.wikimedia.org/wikipedia/commons/thumb/8/82/Sebastien_Squillaci_Arsenal_vs_Birmingham_2010-11.jpg/275px-Sebastien_Squillaci_Arsenal_vs_Birmingham_2010-11.jpg,True
Tomas ROSICKY,Arsenal,https://resources.premierleague.com/premierleague/photos/players/250x250/p8597.png,True
Johan DJOUROU,Arsenal,https://www.arsenalpics.com/p/5/johan-djourou-arsenal-523417.jpg.webp,True
Emmanuel FRIMPONG,Arsenal,https://www.arsenalpics.com/p/5/emmanuel-frimpong-arsenal-arsenal-1st-team-3777091.jpg.webp,True
Kieran GIBBS,Arsenal,https://w7.pngwing.com/pngs/792/354/png-transparent-jack-wilshere-arsenal-f-c-jersey-football-player-arsenal-f-c-tshirt-sport-team.png,True
Laurent KOSCIELNY,Arsenal,https://resources.premierleague.com/premierleague/photos/players/250x250/p51507.png,True
Robin VAN PERSIE,Arsenal,https://www.footyrenders.com/render/robin-van-persie-5.png,True
Abou DIABY,Arsenal,https://w7.pngwing.com/pngs/870/398/png-transparent-abou-diaby-arsenal-f-c-football-player-premier-league-arsenal-f-c-sport-sports-equipment-jersey.png,True
Theo WALCOTT,Arsenal,https://e7.pngegg.com/pngimages/682/898/png-clipart-theo-walcott-arsenal-f-c-soccer-player-premier-league-theo-walcott-arsenal-tshirt-jersey.png,True
Stephen WARNOCK,Aston Villa,https://www.leballonrond.fr/img/jogadores/57/854957_med__20211215231156_stephen_warnock.png,True
Shay GIVEN,Aston Villa,https://cdn.soccerwiki.org/images/player/1194.png,True
Richard DUNNE,Aston Villa,https://resources.premierleague.com/premierleague/photos/players/250x250/p1764.png,True
Marc ALBRIGHTON,Aston Villa,https://w7.pngwing.com/pngs/42/826/png-transparent-marc-albrighton-aston-villa-f-c-football-player-aston-villa-sport-jersey-shoe-thumbnail.png,True
Nathan BAKER,Aston Villa,https://s.hs-data.com/bilder/spieler/gross/148324.jpg,True
Eric LICHAJ,Aston Villa,https://upload.wikimedia.org/wikipedia/commons/thumb/3/3f/Eric_Lichaj.jpg/280px-Eric_Lichaj.jpg,True
Barry BANNAN,Aston Villa,http://cdn.soccerwiki.org/images/player/38608.png,True
Chris HERD,Aston Villa,https://wallpapers.com/images/hd/aston-villa-s-chris-herd-poster-79atc97thjhl6mpi.jpg,True
Stiliyan PETROV,Aston Villa,https://resources.premierleague.com/premierleague/photos/players/250x250/p2160.png,True
Luke YOUNG,Aston Villa,https://upload.wikimedia.org/wikipedia/commons/1/16/Luke_Young.jpg,True
Darren BENT,Aston Villa,https://i2-prod.birminghammail.co.uk/sport/football/football-news/article9414632.ece/ALTERNATES/s615/Darren-Bent-after-becoming-Aston-Villas-record-signing-in-January-2011.png,True
Jermaine JENAS,Aston Villa,https://i.pinimg.com/474x/85/66/1b/85661b99b8b542d2c58e3b12d98087a6.jpg,True
Samir CARRUTHERS,Aston Villa,https://c8.alamy.com/zooms/9/6ae44d81fbaa4cdb980f2e9329c00f82/2baexe9.jpg,True
Gary GARDNER,Aston Villa,https://static.wikia.nocookie.net/fifa/images/c/ca/GaryGardner.png/revision/latest?cb=20170907171453,True
Nathan DELFOUNESO,Aston Villa,https://www.leballonrond.fr/img/jogadores/76/698076_med__20200903224227_nathan_delfouneso.png,True
Carlos CUELLAR,Aston Villa,https://www.leballonrond.fr/img/jogadores/84/155484_med_carlos_cuellar.png,True
Stephen IRELAND,Aston Villa,https://media.gettyimages.com/id/136551848/fr/photo/stephen-ireland-of-aston-villa-gives-instructions-during-the-fa-cup-third-round-match.jpg?s=612x612&w=gi&k=20&c=BfExJF7_v8NzLtKyzeAOg7OPfDgwdUEr1-kMim1GjJw=,True
James COLLINS,Aston Villa,https://resources.premierleague.com/premierleague/photos/players/250x250/p8380.png,True
Alan HUTTON,Aston Villa,https://encrypted-tbn0.gstatic.com/images?q=tbn:ANd9GcRdWuqXnZ2wWO11KV33mPfDnanBQbj9EbG5tWQkJfLHLw&s,True
Ciaran CLARK,Aston Villa,https://resources.premierleague.com/premierleague/photos/players/250x250/p58845.png,True
Robbie KEANE,Aston Villa,https://images.webapi.gc.avfcservices.co.uk/92604fcf-7d47-42f0-9150-8478a4223713.jpg,True
Andreas WEIMANN,Aston Villa,https://i.goalzz.com/?i=o%2Fp%2F70%2F824%2Fandreas-weimann-1.png,True
Emile HESKEY,Aston Villa,https://www.leballonrond.fr/img/jogadores/73/769273_med__20210404030607_emile_heskey.png,True
Fabian DELPH,Aston Villa,https://w7.pngwing.com/pngs/447/592/png-transparent-fabian-delph-england-national-football-team-aston-villa-f-c-action-toy-figures-figurine-aston-villa-business-action-fiction-play.png,True
Gabriel AGBONLAHOR,Aston Villa,https://resources.premierleague.com/premierleague/photos/players/250x250/p27450.png,True
Charles N'ZOGBIA,Aston Villa,https://c8.alamy.com/compfr/2gh9bgn/charles-n-zogbia-d-aston-villa-en-action-lors-du-match-de-la-barclays-premier-league-entre-aston-villa-et-newcastle-united-au-stade-villa-park-birmingham-le-23-aout-2014-2gh9bgn.jpg,True
Brad GUZAN,Aston Villa,https://cdn.shopify.com/s/files/1/0276/9165/products/GUZANPIC_800x.png?v=1620399011,True
Adam HENLEY,Blackburn Rovers,https://c8.alamy.com/comp/2CHBCG3/adam-henley-blackburn-rovers-2CHBCG3.jpg,True
Christopher SAMBA,Blackburn Rovers,https://c8.alamy.com/comp/2D67AGE/christopher-samba-blackburn-rovers-2D67AGE.jpg,True
Jordan SLEW,Blackburn Rovers,https://fcht-media.ams3.digitaloceanspaces.com/wp-content/uploads/2022/06/02214017/Jordan-Slew-scaled.jpg,True
Anthony MODESTE,Blackburn Rovers,https://fff.twic.pics/https://media.fff.fr/uploads/images/4376f06206605db66ea190bffe0da342.png?twic=v1/focus=1117x921,True
Mark BUNN,Blackburn Rovers,https://resources.premierleague.com/premierleague/photos/players/250x250/p10954.png,True
Josh MORRIS,Blackburn Rovers,https://c8.alamy.com/comp/G6C38B/soccer-sky-bet-championship-blackburn-rovers-v-nottingham-forest-ewood-G6C38B.jpg,True
Yakubu AYEGBENI,Blackburn Rovers,https://c8.alamy.com/comp/G4M1JP/soccer-barclays-premier-league-blackburn-rovers-v-tottenham-hotspur-G4M1JP.jpg,True
Vincenzo GRELLA,Blackburn Rovers,https://i.ebayimg.com/images/g/tMUAAOSwJF5grn03/s-l500.jpg,True
Marcus OLSSON,Blackburn Rovers,https://e0.365dm.com/14/04/2048x1152/marcus-olsson-blackburn_3133184.jpg,True
Simon VUKCEVIC,Blackburn Rovers,https://media.gettyimages.com/id/1227633166/photo/simon-vukcevic-of-blackburn-rovers-runs-with-the-ball-during-the-game-between-wolverhampton.jpg?s=612x612&w=gi&k=20&c=trXVdKCCLU3wFoOBllhJvI8scwu0OCqyLIntjb9l65A=,True
Scott DANN,Blackburn Rovers,http://www.sporting-heroes.net/content/thumbnails/00293/29204-zoom.jpg,True
Jason LOWE,Blackburn Rovers,https://www.lancashiretelegraph.co.uk/resources/images/5975541/?type=responsive-gallery-fullscreen,True
Gael GIVET,Blackburn Rovers,https://ichef.bbci.co.uk/onesport/cps/624/mcs/media/images/59664000/jpg/_59664561_givet.jpg,True
Ryan NELSEN,Blackburn Rovers,https://cdn.staticneo.com/w/footballmanager/Nelsen.jpg,True
Bradley ORR,Blackburn Rovers,https://c8.alamy.com/zoomsfr/6/c2989294099544baa82456dd050f32bf/2baet6y.jpg,True
Brett EMERTON,Blackburn Rovers,https://resources.premierleague.com/premierleague/photos/players/250x250/p4740.png,True
Radosav PETROVIC,Blackburn Rovers,https://c8.alamy.com/compfr/g4txn3/soccer-barclays-premier-league-blackburn-rovers-fulham-ewood-park-radosav-petrovic-blackburn-rovers-g4txn3.jpg,True
Jake KEAN,Blackburn Rovers,https://imgresizer.eurosport.com/unsafe/1200x0/filters:format(jpeg):focal(1437x627:1439x625)/origin-imgresizer.eurosport.com/2012/10/18/901141-19978468-2560-1440.jpg,True
Grant HANLEY,Blackburn Rovers,https://resources.premierleague.com/premierleague/photos/players/250x250/p83428.png,True
Michel SALGADO,Blackburn Rovers,https://i.etsystatic.com/35168091/r/il/1fb6b4/3946269827/il_570xN.3946269827_7ov4.jpg,True
David GOODWILLIE,Blackburn Rovers,https://i2-prod.lancs.live/incoming/article19285095.ece/ALTERNATES/s1200c/0_GettyImages-121683351.jpg,True
Steven N'ZONZI,Blackburn Rovers,https://c8.alamy.com/zoomsfr/6/fcc4a8ab6b6a434eb07620de8de010b1/jc9efb.jpg,True
Mauro FORMICA,Blackburn Rovers,https://c8.alamy.com/zooms/6/ff07a6f9ec1a42c298342847f015b2f6/2bat0at.jpg,True
Morten GAMST PEDERSEN,Blackburn Rovers,https://ultrautd.com/wp-content/uploads/2021/01/PA-9872993.jpg.gallery-2.jpg,True
Jason ROBERTS,Blackburn Rovers,https://cdn.staticneo.com/w/footballmanager/Roberts.jpg,True
David DUNN,Blackburn Rovers,https://upload.wikimedia.org/wikipedia/commons/thumb/e/ea/David_Dunn_Blackburn_Rovers.jpg/800px-David_Dunn_Blackburn_Rovers.jpg,True
Paul ROBINSON,Blackburn Rovers,https://resources.premierleague.com/premierleague/photos/players/250x250/p1801.png,True
Ruben ROCHINA,Blackburn Rovers,https://c8.alamy.com/compfr/g6a1my/football-championnat-sky-bet-derby-county-blackburn-rovers-pride-park-ruben-rochina-blackburn-rovers-g6a1my.jpg,True
Martin OLSSON,Blackburn Rovers,https://cdn.staticneo.com/w/footballmanager/Olsson.jpg,True
David HOILETT,Blackburn Rovers,http://www.sporting-heroes.net/content/thumbnails/00257/25645-product.jpg,True
Nick BLACKMAN,Blackburn Rovers,https://c8.alamy.com/comp/2EG8B5G/football-stock-0910-14709-nick-blackman-blackburn-rovers-mandatory-credit-action-images-john-sibley-2EG8B5G.jpg,True
Samuel RICKETTS,Bolton Wanderers,https://l450v.alamy.com/450v/2d35kn8/samuel-ricketts-bolton-wanderers-2d35kn8.jpg,True
Fabrice MUAMBA,Bolton Wanderers,https://resources.premierleague.com/premierleague/photos/players/250x250/p27696.png,True
Tim REAM,Bolton Wanderers,https://encrypted-tbn0.gstatic.com/images?q=tbn:ANd9GcSi7Dc0wGMNeyNeRsb9s1XXTvCTEB7HZEWfvjn_Q72hbg&s,True
Chung-Yong LEE,Bolton Wanderers,https://resources.premierleague.com/premierleague/photos/players/250x250/p75773.png,True
Darren PRATLEY,Bolton Wanderers,http://www.sporting-heroes.net/content/thumbnails/00405/40391-zoom.jpg,True
Jussi JAASKELAINEN,Bolton Wanderers,http://cdn.shopify.com/s/files/1/0344/8576/4233/products/BoltonWanderers-JussiJaaskelainen_7d2b77ef-43ae-47fa-bf9a-52f496b61651_1200x1200.png?v=1655574454,True
Gretar STEINSSON,Bolton Wanderers,https://c8.alamy.com/comp/2D35M7D/gretar-rafn-steinsson-bolton-wanderers-2D35M7D.jpg,True
Ivan KLASNIC,Bolton Wanderers,http://www.sporting-heroes.net/content/thumbnails/00297/29583-zoom.jpg,True
Marcos ALONSO,Bolton Wanderers,https://c8.alamy.com/comp/2EFKYE7/football-bolton-wanderers-marcos-alonso-press-conference-bolton-wanderers-training-ground-1011-27710-bolton-wanderers-new-signing-marcos-alonso-poses-for-picture-with-club-shirt-mandatory-credit-action-images-carl-recine-2EFKYE7.jpg,True
Kevin DAVIES,Bolton Wanderers,https://resources.premierleague.com/premierleague/photos/players/250x250/p3630.png,True
Mark DAVIES,Bolton Wanderers,https://i.guim.co.uk/img/static/sys-images/Football/Clubs/Club_Home/2011/2/15/1297770627919/Bolton-midfielder-Mark-Da-007.jpg?width=465&quality=85&dpr=1&s=none,True
Martin PETROV,Bolton Wanderers,https://c8.alamy.com/compfr/2bae1mm/martin-petrov-bolton-wanderers-2bae1mm.jpg,True
Nigel REO-COKER,Bolton Wanderers,https://i.pinimg.com/474x/e7/25/f9/e725f98accd079c555f01ba47bf697aa.jpg,True
Paul ROBINSON,Bolton Wanderers,https://resources.premierleague.com/premierleague/photos/players/250x250/p1801.png,True
Robbie BLAKE,Bolton Wanderers,https://i.pinimg.com/474x/3a/60/a2/3a60a29ab51c65bc4170f1c6ff1074e4.jpg,True
Zat KNIGHT,Bolton Wanderers,https://c8.alamy.com/comp/2BBDPXP/zat-knight-bolton-wanderers-2BBDPXP.jpg,True
Gary CAHILL,Bolton Wanderers,https://cdn.vox-cdn.com/thumbor/RajOjw_0ieH1bcY8_kbzrZyc4GU=/0x0:2177x1451/1400x1050/filters:focal(0x0:2177x1451):format(jpeg)/cdn.vox-cdn.com/uploads/chorus_image/image/46399704/GettyImages-136291599.0.jpg,True
David WHEATER,Bolton Wanderers,https://c8.alamy.com/comp/J5ET9W/david-wheater-bolton-wanderers-fc-bolton-wanderers-fc-reebok-stadium-J5ET9W.jpg,True
Ryo MIYAICHI,Bolton Wanderers,https://i.pinimg.com/474x/30/9f/7e/309f7ef4fe1f72a7e3c3fbf5f8fc291a.jpg,True
Chris EAGLES,Bolton Wanderers,https://i2-prod.walesonline.co.uk/incoming/article7311513.ece/ALTERNATES/s615/CS48016826.png,True
Marvin SORDELL,Bolton Wanderers,https://www.leballonrond.fr/img/jogadores/05/520305_med__20181021143210_marvin_sordell.png,True
Dedryck BOYATA,Bolton Wanderers,https://proleague.be/dato/25478/1664358704-photonews_10995721-108.png?auto=format&crop=faces&fit=crop&h=640&w=640,True
David NGOG,Bolton Wanderers,https://upload.wikimedia.org/wikipedia/commons/thumb/1/14/David_N%27Gog_23-07-11_1.png/640px-David_N%27Gog_23-07-11_1.png,True
Adam BOGDAN,Bolton Wanderers,https://c8.alamy.com/comp/2BAA8ND/adam-bogdan-bolton-wanderers-goalkeeper-2BAA8ND.jpg,True
Ricardo GARDNER,Bolton Wanderers,https://resources.premierleague.com/premierleague/photos/players/250x250/p1307.png,True
Tuncay SANLI,Bolton Wanderers,https://c8.alamy.com/compfr/jb7dtg/tuncay-sanli-bolton-wanderers-fc-bolton-wanderers-fc-stade-reebok-bolton-angleterre-26-novembre-2011-jb7dtg.jpg,True
Tyrone MEARS,Bolton Wanderers,https://media.gettyimages.com/id/150564588/fr/photo/tyrone-mears-of-bolton-wanderers-looks-on-during-the-npower-championship-match-between-bolton.jpg?s=594x594&w=gi&k=20&c=bwuZObqR8VCtj_eeNXC4avYLmvJSwxlkNdZwbA8Ar2w=,True
Gael KAKUTA,Bolton Wanderers,https://i.goalzz.com/?i=o%2Fp%2F59%2F41%2Fgael-kakuta-2.png,True
Joseph RILEY,Bolton Wanderers,https://www.mansfieldtown.net/api/image/cropandgreyscale/d95943d4-6ffb-4ac9-a97f-e91ee709231a/?preset=square&greyscale=false,True
Josh VELA,Bolton Wanderers,https://m.footballdatabase.eu/images/photos/players/a_159/159348.jpg,True
Florent MALOUDA,Chelsea,https://www.pngkit.com/png/full/492-4928530_florent-malouda-chelsea-premier-league2-2639061-chelsea-f-c.png,True
RAMIRES,Chelsea,https://w7.pngwing.com/pngs/140/939/png-transparent-ramires-chelsea-f-c-international-champions-cup-football-player-real-madrid-c-f-football-tshirt-blue-sport.png,True
John MIKEL,Chelsea,https://w7.pngwing.com/pngs/469/273/png-transparent-john-obi-mikel-chelsea-f-c-nigeria-national-football-team-premier-league-football-player-premier-league-tshirt-team-jersey.png,True
Didier DROGBA,Chelsea,https://w7.pngwing.com/pngs/306/226/png-transparent-didier-drogba-chelsea-f-c-premier-league-jersey-uefa-champions-league-premier-league-tshirt-blue-sport.png,True
Ashley COLE,Chelsea,https://media.gettyimages.com/id/611462462/fr/photo/chelseas-ashley-cole-during-the-adidas-new-chelsea-fc-kit-shoot-at-cobham-training-ground.jpg?s=612x612&w=gi&k=20&c=8WN6aJXbkTYj_VshRcCCbLhxXNDr3jgVS8aM0UyimmE=,True
John TERRY,Chelsea,https://w7.pngwing.com/pngs/707/916/png-transparent-john-terry-chelsea-f-c-team-sport-football-player-luis-figo-game-sport-sports-equipment-thumbnail.png,True
Jose BOSINGWA,Chelsea,https://static.wikia.nocookie.net/chelseafc/images/5/52/34236_ori_jose_bosingwa.jpg/revision/latest?cb=20110201003153,True
Nicolas ANELKA,Chelsea,https://e7.pngegg.com/pngimages/40/494/png-clipart-chelsea-f-c-football-player-premier-league-rendering-drogba-chelsea-blue-sports-equipment-thumbnail.png,True
ALEX,Chelsea,https://media.gettyimages.com/id/87449035/fr/photo/alex-of-chelsea-looks-on-during-the-barclays-premier-league-match-between-chelsea-and-blackburn.jpg?s=612x612&w=gi&k=20&c=qPPQfecMnffKUNcHI39wrXJvVBv8EbYaY612m2UmYDQ=,True
Petr CECH,Chelsea,https://e7.pngegg.com/pngimages/474/869/png-clipart-petr-%C4%8Cech-premier-league-football-chelsea-f-c-segunda-division-cech-arsenal-food-orange.png,True
Fernando TORRES,Chelsea,https://e7.pngegg.com/pngimages/186/535/png-clipart-fernando-torres-chelsea-f-c-soccer-player-jersey-football-football-tshirt-blue.png,True
Frank LAMPARD,Chelsea,https://w7.pngwing.com/pngs/180/658/png-transparent-frank-lampard-chelsea-f-c-fa-cup-sticker-volar-cantando-football-tshirt-sticker-jersey-thumbnail.png,True
Henrique HILARIO,Chelsea,https://e7.pngegg.com/pngimages/740/248/png-clipart-henrique-hilario-fifa-14-fifa-15-chelsea-f-c-fifa-10-others-face-video-game.png,True
Salomon KALOU,Chelsea,https://img.favpng.com/14/9/14/chelsea-f-c-football-player-premier-league-rendering-png-favpng-1DFpzUKqWx3nvzQ6n97Ya3RSM_t.jpg,True
Raul MEIRELES,Chelsea,https://media.gettyimages.com/id/1318858524/fr/photo/raul-meireles-of-chelsea-celebrates-during-uefa-champions-league-final-between-fc-bayern.jpg?s=612x612&w=gi&k=20&c=geo2VftTgs5jcK0RJGpXrHzB0Q0ddFrVbZP2VPHCg3k=,True
Branislav IVANOVIC,Chelsea,https://encrypted-tbn0.gstatic.com/images?q=tbn:ANd9GcQghGvOv10hQBuKMxk3g-tBz7ejlKc3CVjk4XG46sAS0A&s,True
Daniel STURRIDGE,Chelsea,https://static.wikia.nocookie.net/chelseafc/images/c/c4/DanielSturridge.jpg/revision/latest?cb=20111213231745,True
Yossi BENAYOUN,Chelsea,https://media.gettyimages.com/id/124234790/photo/yossi-benayoun-poses-for-a-photograph-after-signing-for-arsenal-at-london-colney-on-september.jpg?s=612x612&w=gi&k=20&c=iozTC1-1KI1cQPOhm7hNCYDbFI8ropR7S8oBDBv44RQ=,True
David LUIZ,Chelsea,https://w7.pngwing.com/pngs/194/706/png-transparent-david-luiz-chelsea-f-c-premier-league-brazil-national-football-team-football-player-premier-league-tshirt-blue-jersey.png,True
Ross TURNBULL,Chelsea,https://upload.wikimedia.org/wikipedia/commons/e/ee/Ross_Turnbull_Middlesbrough_v._Chelsea_1.png,True
Romelu LUKAKU,Chelsea,https://resources.premierleague.com/photos/2021/08/17/fe0a06ca-5fc9-46ca-af97-dfc8f03dcd2a/lukaku-joins-chelsea-4.png?width=860&height=573,True
Juan Manuel MATA,Chelsea,https://c8.alamy.com/compfr/d1b5rg/13-12-2012-yokohama-japon-juan-manuel-mata-garcia-chelsea-la-coupe-du-monde-des-clubs-de-la-fifa-japon-2012-correspondance-entre-cf-monterrey-1-3-chelsea-fc-au-stade-international-de-yokohama-japon-d1b5rg.jpg,True
Ryan BERTRAND,Chelsea,https://img.favpng.com/12/9/5/ryan-bertrand-southampton-f-c-england-national-football-team-chelsea-f-c-premier-league-png-favpng-sQn15T4ynywiHtHYKS1g5tpJd.jpg,True
Sam HUTCHINSON,Chelsea,https://assets.goal.com/v3/assets/bltcc7a7ffd2fbf71f5/blt3f58335c66d4d4f1/61050747b7f12232434230d0/e7ca526ad5479304186a23e88674527991799e55.png?format=jpg,True
Paulo FERREIRA,Chelsea,https://resources.premierleague.com/premierleague/photos/players/250x250/p16734.png,True
Gary CAHILL,Chelsea,https://cdn.vox-cdn.com/thumbor/RajOjw_0ieH1bcY8_kbzrZyc4GU=/0x0:2177x1451/1400x1050/filters:focal(0x0:2177x1451):format(jpeg)/cdn.vox-cdn.com/uploads/chorus_image/image/46399704/GettyImages-136291599.0.jpg,True
Oriol ROMEU,Chelsea,https://resources.premierleague.com/premierleague/photos/players/250x250/p78056.png,True
Joshua MCEACHRAN,Chelsea,https://upload.wikimedia.org/wikipedia/commons/thumb/c/c5/Joshua_mceachran.png/220px-Joshua_mceachran.png,True
Michael ESSIEN,Chelsea,"                 Player Name                     Team                                          image_url  image_url
0               Aaron RAMSEY                  Arsenal  https://encrypted-tbn0.gstatic.com/images?q=tb...       True
1             Alexandre SONG                  Arsenal  https://c8.alamy.com/compfr/jdc35x/alexandre-s...       True
2    Alex OXLADE-CHAMBERLAIN                  Arsenal  https://w7.pngwing.com/pngs/810/903/png-transp...       True
3              Armand TRAORE                  Arsenal  https://www.arsenalpics.com/p/5/armand-traore-...       True
4           Francis COQUELIN                  Arsenal  https://resources.premierleague.com/premierlea...       True
..                       ...                      ...                                                ...        ...
557             Ronald ZUBAR  Wolverhampton Wanderers  https://www.wolvespics.com/p/208/new-signing-r...       True
558            Jody CRADDOCK  Wolverhampton Wanderers  https://resources.premierleague.com/premierlea...       True
559        Emmanuel FRIMPONG  Wolverhampton Wanderers  https://www.arsenalpics.com/p/5/emmanuel-frimp...       True
560          Wayne HENNESSEY  Wolverhampton Wanderers  https://resources.premierleague.com/premierlea...       True
561               Carl IKEME  Wolverhampton Wanderers  https://resources.premierleague.com/premierlea...       True

[562 rows x 4 columns]",True
Conor MCALENY,Everton,"                 Player Name                     Team                                          image_url  image_url
0               Aaron RAMSEY                  Arsenal  https://encrypted-tbn0.gstatic.com/images?q=tb...       True
1             Alexandre SONG                  Arsenal  https://c8.alamy.com/compfr/jdc35x/alexandre-s...       True
2    Alex OXLADE-CHAMBERLAIN                  Arsenal  https://w7.pngwing.com/pngs/810/903/png-transp...       True
3              Armand TRAORE                  Arsenal  https://www.arsenalpics.com/p/5/armand-traore-...       True
4           Francis COQUELIN                  Arsenal  https://resources.premierleague.com/premierlea...       True
..                       ...                      ...                                                ...        ...
557             Ronald ZUBAR  Wolverhampton Wanderers  https://www.wolvespics.com/p/208/new-signing-r...       True
558            Jody CRADDOCK  Wolverhampton Wanderers  https://resources.premierleague.com/premierlea...       True
559        Emmanuel FRIMPONG  Wolverhampton Wanderers  https://www.arsenalpics.com/p/5/emmanuel-frimp...       True
560          Wayne HENNESSEY  Wolverhampton Wanderers  https://resources.premierleague.com/premierlea...       True
561               Carl IKEME  Wolverhampton Wanderers  https://resources.premierleague.com/premierlea...       True

[562 rows x 4 columns]",True
Victor ANICHEBE,Everton,"                 Player Name                     Team                                          image_url  image_url
0               Aaron RAMSEY                  Arsenal  https://encrypted-tbn0.gstatic.com/images?q=tb...       True
1             Alexandre SONG                  Arsenal  https://c8.alamy.com/compfr/jdc35x/alexandre-s...       True
2    Alex OXLADE-CHAMBERLAIN                  Arsenal  https://w7.pngwing.com/pngs/810/903/png-transp...       True
3              Armand TRAORE                  Arsenal  https://www.arsenalpics.com/p/5/armand-traore-...       True
4           Francis COQUELIN                  Arsenal  https://resources.premierleague.com/premierlea...       True
..                       ...                      ...                                                ...        ...
557             Ronald ZUBAR  Wolverhampton Wanderers  https://www.wolvespics.com/p/208/new-signing-r...       True
558            Jody CRADDOCK  Wolverhampton Wanderers  https://resources.premierleague.com/premierlea...       True
559        Emmanuel FRIMPONG  Wolverhampton Wanderers  https://www.arsenalpics.com/p/5/emmanuel-frimp...       True
560          Wayne HENNESSEY  Wolverhampton Wanderers  https://resources.premierleague.com/premierlea...       True
561               Carl IKEME  Wolverhampton Wanderers  https://resources.premierleague.com/premierlea...       True

[562 rows x 4 columns]",True
Phil JAGIELKA,Everton,https://resources.evertonfc.com/players/side/480x540/p7645.png,True
Philip NEVILLE,Everton,https://cdn.shopify.com/s/files/1/0276/9165/products/nevillepic_800x.png?v=1619020744,True
Ross BARKLEY,Everton,https://toppng.com/uploads/preview/ross-barkley-11548182912n2yusygodo.png,True
Sylvain DISTIN,Everton,https://w1.pngwing.com/pngs/481/21/png-transparent-man-sylvain-distin-fifa-14-everton-fc-fifa-10-fifa-16-fifa-18-football-player-thumbnail.png,True
Tim CAHILL,Everton,https://e7.pngegg.com/pngimages/920/983/png-clipart-tim-cahill-everton-f-c-premier-league-jersey-tim-cahill-tshirt-white.png,True
Tim HOWARD,Everton,https://www.footyrenders.com/render/howard1.png,True
Tony HIBBERT,Everton,https://resources.premierleague.com/premierleague/photos/players/250x250/p9007.png,True
Seamus COLEMAN,Everton,https://resources.premierleague.com/premierleague/photos/players/250x250/p59949.png,True
Royston DRENTHE,Everton,https://resources.evertonfc.com/evertonfc/photo/2022/06/10/42c16ea4-7652-4073-933d-7986f5c9cbc8/Drenthe.png,True
Apostolos VELLIOS,Everton,https://i2-prod.liverpoolecho.co.uk/incoming/article16851157.ece/ALTERNATES/s1200c/0_GettyImages-134120728.jpg,True
James MCFADDEN,Everton,https://resources.premierleague.com/premierleague/photos/players/250x250/p4445.png,True
Magaye GUEYE,Everton,https://fff.twic.pics/https://media.fff.fr/uploads/images/ea3840921aac6bdf1059a51a5097e2cb.png?twic=v1/focus=192x123,True
Diniyar BILYALETDINOV,Everton,https://i.goalzz.com/?i=abd20015%2Fdiniyar+bilyaletdinov.gif,True
Marouane FELLAINI,Everton,https://i.pinimg.com/originals/2e/05/71/2e05717c1a122a8af81ce37a6352a9af.png,True
Louis SAHA,Everton,https://fff.twic.pics/https://media.fff.fr/uploads/images/987d7374f766897a72633004fcb2e564.png?twic=v1/focus=1059x680,True
Mikel ARTETA,Everton,https://resources.premierleague.com/premierleague/photos/players/250x250/man51018.png,True
Leighton BAINES,Everton,https://resources.evertonfc.com/players/side/480x540/p12745.png,True
Johnny HEITINGA,Everton,https://toppng.com/uploads/preview/john-heitinga-115481833922cujvf3s6g.png,True
Jose BAXTER,Everton,https://tmssl.akamaized.net/images/foto/galerie/jose-baxter-von-everton-1590664175-39845.jpg?lm=1590664166,True
Jermaine BECKFORD,Everton,https://www.evertonpics.com/p/7/jermaine-beckford-4274205.jpg.webp,True
Jack RODWELL,Everton,https://resources.premierleague.com/premierleague/photos/players/250x250/p49384.png,True
Steven PIENAAR,Everton,https://encrypted-tbn0.gstatic.com/images?q=tbn:ANd9GcSmfnCokEM9vprdVkR18jl3yTVE1plme3YE_XwZsh5S&s,True
Denis STRACQUALURSI,Everton,https://sofoot.s3.eu-central-1.amazonaws.com/wp-content/uploads/2023/02/15094701/denis-stracqualursi.png,True
Nikica JELAVIC,Everton,https://resources.premierleague.com/premierleague/photos/players/250x250/p62419.png,True
Landon DONOVAN,Everton,https://static.wikia.nocookie.net/fightclubchampfanom/images/4/45/Landon_Donovan.png/revision/latest?cb=20200922152658,True
Leon OSMAN,Everton,https://resources.premierleague.com/premierleague/photos/players/250x250/p8378.png,True
Darron GIBSON,Everton,https://resources.premierleague.com/premierleague/photos/players/250x250/p27707.png,True
Shane DUFFY,Everton,https://resources.premierleague.com/premierleague/photos/players/250x250/p61933.png,True
Dickson ETUHU,Fulham,https://static.wikia.nocookie.net/fulham/images/b/b9/Dickson_Etuhu.png/revision/latest?cb=20131226205229,True
John ARNE RIISE,Fulham,https://static.wikia.nocookie.net/fulham/images/d/d2/John_Arne_Riise.jpg/revision/latest/scale-to-width-down/290?cb=20140426090353,True
Mark SCHWARZER,Fulham,https://static.wikia.nocookie.net/fulhamfc/images/0/00/Mark_schwarzer.png/revision/latest?cb=20090321152041,True
Moussa DEMBELE,Fulham,https://static.wikia.nocookie.net/fulham/images/7/77/Moussa_Demb%C3%A9l%C3%A9.png/revision/latest?cb=20160405224027,True
Steve SIDWELL,Fulham,https://i.ebayimg.com/images/g/l0gAAMXQya1Q5JAf/s-l500.jpg,True
David STOCKDALE,Fulham,https://media.gettyimages.com/id/677625244/photo/david-stockdale-fulham-goalkeeper.jpg?s=612x612&w=gi&k=20&c=h8sJSAs3KwKj8OKiAS6HB3NOKuML579POh8MRLpuyqM=,True
Philippe SENDEROS,Fulham,https://media.gettyimages.com/id/450274014/fr/photo/philippe-senderos-of-switzerland-poses-during-the-official-fifa-world-cup-2014-portrait.jpg?s=612x612&w=gi&k=20&c=KSgsPDnUezoMhvrKBsS4jFxTCSBhjvkR-o4eCIZA3Vw=,True
Pajtim KASAMI,Fulham,https://www.footyrenders.com/render/Pajtim-Kasami.png,True
Marcel GECOV,Fulham,https://l450v.alamy.com/450v/2bc5gpw/marcel-gecov-fulham-2bc5gpw.jpg,True
Danny MURPHY,Fulham,https://c8.alamy.com/compfr/2d67ae3/danny-murphy-fulham-2d67ae3.jpg,True
Clint DEMPSEY,Fulham,https://www.pngfind.com/pngs/m/447-4474385_photo-dempsey-fulham-f-c-hd-png-download.png,True
Kerim FREI,Fulham,https://img.a.transfermarkt.technology/portrait/big/146844-1665751734.png?lm=1,True
Pavel POGREBNYAK,Fulham,https://img.a.transfermarkt.technology/portrait/big/15074-1554394636.png?lm=1,True
Marcello TROTTA,Fulham,https://c8.alamy.com/comp/2BAYX0N/marcello-trotta-fulham-2BAYX0N.jpg,True
Stephen KELLY,Fulham,https://resources.premierleague.com/premierleague/photos/players/250x250/p9493.png,True
Alex KACANIKLIC,Fulham,https://cdn.shopify.com/s/files/1/0276/9165/products/KACANIKLICPIC_800x.png?v=1620141671,True
Bryan RUIZ,Fulham,https://m.footballdatabase.eu/images/photos/players/2021-2022/a_13/13575.jpg,True
Orlando SA,Fulham,https://static.wikia.nocookie.net/fulham/images/f/fc/Orlando_S%C3%A1.jpg/revision/latest?cb=20120327211928,True
Mahamadou DIARRA,Fulham,https://m.footballdatabase.eu/images/photos/players/a_0/724.jpg,True
Damien DUFF,Fulham,https://img.a.transfermarkt.technology/portrait/header/3259-1410962728.jpg?lm=1,True
Aaron HUGHES,Fulham,https://static.wikia.nocookie.net/fulhamfc/images/4/44/Aaron_Hughes.png/revision/latest/scale-to-width-down/176?cb=20090322182401,True
Zdenek GRYGERA,Fulham,https://static.wikia.nocookie.net/fulham/images/7/76/Zden%C4%9Bk_Grygera.png/revision/latest/scale-to-width-down/280?cb=20131227165420,True
Andrew JOHNSON,Fulham,https://upload.wikimedia.org/wikipedia/commons/2/23/Andrew_Johnson_-_3a53290u.png,True
Brede HANGELAND,Fulham,https://resources.premierleague.com/premierleague/photos/players/250x250/p15284.png,True
Chris BAIRD,Fulham,https://static.wikia.nocookie.net/fulhamfc/images/7/78/Baird.png/revision/latest/scale-to-width-down/200?cb=20090405075929,True
Matthew BRIGGS,Fulham,https://d3nfwcxd527z59.cloudfront.net/content/uploads/2021/03/04164912/Matthew-Briggs-Fulham.jpg,True
Bobby ZAMORA,Fulham,https://static.wikia.nocookie.net/fulham/images/1/1c/Bobby_Zamora.jpg/revision/latest?cb=20131125131414,True
Simon DAVIES,Fulham,https://resources.premierleague.com/premierleague/photos/players/250x250/p2559.png,True
Lucas LEIVA,Liverpool,https://resources.premierleague.com/premierleague/photos/players/250x250/p43191.png,True
Jonjo SHELVEY,Liverpool,https://c8.alamy.com/compfr/2bab2tg/jonjo-shelvey-liverpool-2bab2tg.jpg,True
Stewart DOWNING,Liverpool,"https://matchwornshirt.imgix.net/product/27311/1.png?auto=format,compress&w=960&h=960&fit=fill",True
Charlie ADAM,Liverpool,https://c8.alamy.com/compfr/jb74p9/charlie-adam-de-liverpool-fc-liverpool-fc-anfield-liverpool-angleterre-13-aout-2011-jb74p9.jpg,True
Martin KELLY,Liverpool,https://resources.premierleague.com/premierleague/photos/players/250x250/p58786.png,True
Andrew CARROLL,Liverpool,https://i2-prod.mirror.co.uk/incoming/article18963485.ece/ALTERNATES/s615b/1_Football-Liverpool-v-Aston-Villa-Barclays-Premier-League-Anfield-7412.jpg,True
Sebastian COATES,Liverpool,https://c8.alamy.com/compfr/j81rnj/sebastian-coates-liverpool-fc-liverpool-v-manchester-city-fc-barclays-premier-league-anfield-liverpool-angleterre-26-aout-2012-gao56860-attention-cette-photo-ne-peut-etre-utilisee-que-pour-les-journaux-et-ou-a-des-fins-d-edition-de-magazines-ne-peut-etre-utilise-pour-les-publications-impliquant-1-joueur-1-ou-1-concours-club-sans-autorisation-ecrite-de-football-dataco-ltd-pour-toute-question-veuillez-communiquer-avec-le-football-dataco-ltd-au-44-0-207-864-9121-j81rnj.jpg,True
Jay SPEARING,Liverpool,https://upload.wikimedia.org/wikipedia/commons/thumb/1/1b/Jay_Spearing.jpg/1200px-Jay_Spearing.jpg,True
Steven GERRARD,Liverpool,https://e7.pngegg.com/pngimages/129/756/png-clipart-steven-gerrard-rendering-football-player-football-tshirt-heart.png,True
Brad JONES,Liverpool,https://static.wikia.nocookie.net/fifa/images/3/36/Brad_Jones.png/revision/latest?cb=20161215185935,True
Glen JOHNSON,Liverpool,https://resources.premierleague.com/premierleague/photos/players/250x250/p9047.png,True
Maxi RODRIGUEZ,Liverpool,https://www.footyrenders.com/render/MAXI-RODRIGUEZ.png,True
Martin SKRTEL,Liverpool,https://www.footyrenders.com/render/Martin-Skrtel1.png,True
Jordan HENDERSON,Liverpool,https://resources.premierleague.com/premierleague/photos/players/250x250/p56979.png,True
Jon FLANAGAN,Liverpool,https://resources.premierleague.com/premierleague/photos/players/250x250/p91979.png,True
Raheem STERLING,Liverpool,https://w7.pngwing.com/pngs/639/267/png-transparent-raheem-sterling-liverpool-f-c-premier-league-sport-football-liverpool-jersey-shoe-sports-thumbnail.png,True
Raul MEIRELES,Liverpool,https://media.gettyimages.com/id/1318858524/fr/photo/raul-meireles-of-chelsea-celebrates-during-uefa-champions-league-final-between-fc-bayern.jpg?s=612x612&w=gi&k=20&c=geo2VftTgs5jcK0RJGpXrHzB0Q0ddFrVbZP2VPHCg3k=,True
Craig BELLAMY,Liverpool,https://toppng.com/uploads/preview/craig-bellamy-115482256299uvshcnka7.png,True
Jose REINA,Liverpool,https://img.favpng.com/22/25/15/pepe-reina-liverpool-f-c-t-shirt-football-player-email-png-favpng-rSstn63FJauFEnJhpAZTpfdQp.jpg,True
Fabio AURELIO,Liverpool,https://www.leballonrond.fr/img/jogadores/82/765382_med__20210325005340_fabio_aurelio.png,True
Luis SUAREZ,Liverpool,https://img2.freepng.fr/20180601/oya/kisspng-luis-surez-liverpool-f-c-premier-league-sport-f-luis-suarez-5b11136ed56691.3502705915278457428741.jpg,True
DONI,Liverpool,https://upload.wikimedia.org/wikipedia/fr/thumb/5/54/Logo_FC_Liverpool.svg/1200px-Logo_FC_Liverpool.svg.png,True
Jose ENRIQUE,Liverpool,https://resources.premierleague.com/premierleague/photos/players/250x250/p26725.png,True
Jamie CARRAGHER,Liverpool,https://www.footyrenders.com/render/Carragher_zps2eaa5d18.png,True
Dirk KUYT,Liverpool,https://www.footyrenders.com/render/dirk-kuyt-1.png,True
Daniel AGGER,Liverpool,https://www.footyrenders.com/render/Daniel-Agger-1.png,True
Joleon LESCOTT,Manchester City,https://m.footballdatabase.eu/images/photos/players/a_4/4285.jpg,True
Pablo ZABALETA,Manchester City,https://encrypted-tbn0.gstatic.com/images?q=tbn:ANd9GcT3EDNi4-9dBz1LTzFdhX8npH9KYBEQlLvQwzweS6vU&s,True
Carlos TEVEZ,Manchester City,https://img2.freepng.fr/20180405/dye/kisspng-carlos-tevez-argentina-national-football-team-manc-footballer-5ac6e9e7c01a17.0406707915229854477869.jpg,True
Aleksandar KOLAROV,Manchester City,https://w7.pngwing.com/pngs/27/415/png-transparent-team-sport-t-shirt-football-%E3%83%A6%E3%83%8B%E3%83%95%E3%82%A9%E3%83%BC%E3%83%A0-aleksandar-kolarov-tshirt-sport-team.png,True
Kolo TOURE,Manchester City,https://www.pngfind.com/pngs/m/511-5119907_man-city-photo-kolo-toure-man-city-kolo.png,True
Owen HARGREAVES,Manchester City,https://cdn.vox-cdn.com/thumbor/jIi5oC96I2JI-b5MVP9h2GMZdt4=/0x0:2731x4096/1200x800/filters:focal(1051x706:1487x1142)/cdn.vox-cdn.com/uploads/chorus_image/image/67989252/677607908.0.jpg,True
Mario BALOTELLI,Manchester City,https://w7.pngwing.com/pngs/781/847/png-transparent-mario-balotelli-manchester-city-f-c-inter-milan-italy-national-football-team-football-player-football-tshirt-blue-sport.png,True
Adam JOHNSON,Manchester City,https://c8.alamy.com/zoomsfr/6/f84992bd839b4cd688078174f22abbdd/jc2ked.jpg,True
Samir NASRI,Manchester City,https://e7.pngegg.com/pngimages/42/801/png-clipart-team-sport-football-player-sports-robin-van-persie-arsenal-team-sports-equipment.png,True
Nedum ONUOHA,Manchester City,https://encrypted-tbn0.gstatic.com/images?q=tbn:ANd9GcSrEqGGzkvqBpHjio0YtCdx337ADVMYBiEaX-3wQbJRow&s,True
David PIZARRO,Manchester City,https://c8.alamy.com/compfr/2d5k3e5/david-pizarro-manchester-city-2d5k3e5.jpg,True
David SILVA,Manchester City,https://w7.pngwing.com/pngs/384/155/png-transparent-david-silva-manchester-city-f-c-jersey-rendering-david-silva-tshirt-blue-top-thumbnail.png,True
Edin DZEKO,Manchester City,https://encrypted-tbn0.gstatic.com/images?q=tbn:ANd9GcScWN-YF322z5Fkatmli9iBntme9KhU-dInWYciW6ttRA&s,True
Abdul RAZAK,Manchester City,https://editorial01.shutterstock.com/preview-440/1279336t/80df04af/Shutterstock_1279336t.jpg,True
James MILNER,Manchester City,https://www.footyrenders.com/render/James-Milner-Manchester-City-ProRendersFutboleros.NC_.png,True
Gael CLICHY,Manchester City,https://encrypted-tbn0.gstatic.com/images?q=tbn:ANd9GcRIuh3eTVoqGL40D3jVA_7WlmEZAGcC8ccjXZIBTyFi&s,True
Yaya TOURE,Manchester City,https://w7.pngwing.com/pngs/827/215/png-transparent-yaya-toure-manchester-city-f-c-jersey-football-player-football-tshirt-blue-jersey.png,True
Joe HART,Manchester City,https://www.vhv.rs/dpng/d/198-1981061_joe-hart-manchester-city-joe-hart-man-city.png,True
Micah RICHARDS,Manchester City,https://img2.freepng.fr/20180711/qss/kisspng-micah-richards-aston-villa-f-c-manchester-city-f-5b45a1a415b066.7313090715312900200889.jpg,True
Vincent KOMPANY,Manchester City,https://resources.premierleague.com/premierleague/photos/players/250x250/p17476.png,True
Gareth BARRY,Manchester City,https://c8.alamy.com/zoomsfr/9/25bac33afdcf4d21bde7c4194dc3b499/2d5k3e3.jpg,True
Nigel DE JONG,Manchester City,https://w7.pngwing.com/pngs/36/647/png-transparent-manchester-city-f-c-football-player-premier-league-sport-fotball-sports-equipment-jersey-sports-thumbnail.png,True
Stefan SAVIC,Manchester City,https://c8.alamy.com/compfr/jb8bpm/stefan-savic-manchester-city-fc-manchester-city-fc-stade-etihad-manchester-en-angleterre-07-decembre-2011-jb8bpm.jpg,True
Sergio AGUERO,Manchester City,https://img2.freepng.fr/20180713/uvj/kisspng-sergio-agero-manchester-city-f-c-argentina-nati-sergio-ag-uuml-ero-5b48a64cd201a0.9030500215314878208602.jpg,True
Phil JONES,Manchester United,https://resources.premierleague.com/premierleague/photos/players/250x250/p76359.png,True
William KEANE,Manchester United,https://resources.premierleague.com/premierleague/photos/players/250x250/p91126.png,True
RAFAEL,Manchester United,https://icdn.caughtoffside.com/wp-content/uploads/2015/02/Rafael-Man-United.png,True
Nemanja VIDIC,Manchester United,https://www.footyrenders.com/render/nemanja-vidic.png,True
NANI,Manchester United,https://img2.freepng.fr/20180811/qjs/kisspng-manchester-united-f-c-football-player-sports-athl-nani-png-5b6f623dda9f54.5490236815340263018955.jpg,True
David DE GEA,Manchester United,https://resources.premierleague.com/premierleague/photos/players/250x250/p51940.png,True
Ezekiel FRYERS,Manchester United,https://resources.premierleague.com/premierleague/photos/players/250x250/p106603.png,True
ANDERSON,Manchester United,https://www.ogol.com.br/img/jogadores/59/763959_med__20210321232334_anderson.png,True
Ashley YOUNG,Manchester United,https://w7.pngwing.com/pngs/423/507/png-transparent-ashley-young-team-sport-manchester-united-f-c-football-soccer-player-ashley-young-sport-team-sports-equipment.png,True
Michael OWEN,Manchester United,https://www.pngitem.com/pimgs/m/525-5257372_michael-owen-manchester-united-hd-png-download.png,True
Anders LINDEGAARD,Manchester United,https://resources.premierleague.com/premierleague/photos/players/250x250/p39725.png,True
Chris SMALLING,Manchester United,https://resources.premierleague.com/premierleague/photos/players/250x250/p55909.png,True
Jonny EVANS,Manchester United,https://p1.hiclipart.com/preview/157/514/450/jonny-evans-manchester-united-2014-15-png-clipart.jpg,True
Rio FERDINAND,Manchester United,https://www.footyrenders.com/render/Rio-Ferdinand.png,True
Javier HERNANDEZ,Manchester United,https://w7.pngwing.com/pngs/991/724/png-transparent-javier-hernandez-football-2012-13-manchester-united-f-c-season-old-trafford-football-sports-equipment-jersey-sports.png,True
Michael CARRICK,Manchester United,https://w7.pngwing.com/pngs/642/784/png-transparent-michael-carrick-england-national-football-team-2014-fifa-world-cup-jersey-manchester-united-f-c-eden-michael-hazard-tshirt-sport-jersey.png,True
Darren FLETCHER,Manchester United,https://p1.hiclipart.com/preview/364/864/880/darren-fletcher-manchester-united-2014-15-png-clipart.jpg,True
Paul SCHOLES,Manchester United,https://e7.pngegg.com/pngimages/839/909/png-clipart-manchester-united-f-c-old-trafford-premier-league-football-player-premier-league-tshirt-sport-thumbnail.png,True
Federico MACHEDA,Manchester United,https://imgresizer.eurosport.com/unsafe/1280x960/smart/filters:format(jpeg)/origin-imgresizer.eurosport.com/2020/05/10/2817043-58105888-2560-1440.png,True
Antonio VALENCIA,Manchester United,https://resources.premierleague.com/premierleague/photos/players/250x250/p20695.png,True
Paul POGBA,Manchester United,https://img2.freepng.fr/20180706/oae/kisspng-paul-pogba-manchester-united-f-c-le-havre-ac-2017-pogba-2018-5b3fc7413a4994.7624100215309064332388.jpg,True
Ben AMOS,Manchester United,https://static.wikia.nocookie.net/the-football-database/images/3/36/Ben_Amos.1.png/revision/latest?cb=20150812161535,True
Dimitar BERBATOV,Manchester United,https://www.pngkey.com/png/detail/61-619389_dimitar-ivanov-berbatov-9-photo-berbatov-manchester-united.png,True
Fabio DA SILVA,Manchester United,https://c8.alamy.com/zoomsfr/9/340d16a2bd6e4c9f929ef956b3c68b4d/2d2xmgb.jpg,True
Danny WELBECK,Manchester United,https://w7.pngwing.com/pngs/558/623/png-transparent-jersey-manchester-united-f-c-premier-league-danny-welbeck-nike-factory-store-premier-league-tshirt-jersey-sports.png,True
Darron GIBSON,Manchester United,https://resources.premierleague.com/premierleague/photos/players/250x250/p27707.png,True
Wayne ROONEY,Manchester United,https://w7.pngwing.com/pngs/621/591/png-transparent-wayne-rooney-manchester-united-f-c-uefa-champions-league-football-player-desktop-manchester-united-miscellaneous-tshirt-sport-thumbnail.png,True
Tom CLEVERLEY,Manchester United,https://e7.pngegg.com/pngimages/475/263/png-clipart-jersey-2012-13-manchester-united-f-c-season-premier-league-football-player-premier-league-tshirt-sport.png,True
Ryan GIGGS,Manchester United,https://img1.freepng.fr/20180407/lhe/kisspng-manchester-united-f-c-premier-league-football-pla-premier-league-5ac8c0ea006c91.9299924115231060260017.jpg,True
Ji-Sung PARK,Manchester United,https://media.gettyimages.com/id/97916944/fr/photo/ji-sung-park-of-manchester-united-celebrates-after-scoring-the-winning-goal-during-the-barclays.jpg?s=612x612&w=gi&k=20&c=hm1x4ZtQqGKwTiZVerAq0a8SPk4ucasOmLPbyLOJ1ZI=,True
Patrice EVRA,Manchester United,https://w7.pngwing.com/pngs/306/13/png-transparent-2012-13-manchester-united-f-c-season-football-player-uefa-champions-league-football-sport-sports-equipment-jersey.png,True
Shola AMEOBI,Newcastle United,https://upload.wikimedia.org/wikipedia/commons/thumb/5/5a/Shola_Ameobi_1.png/640px-Shola_Ameobi_1.png,True
Davide SANTON,Newcastle United,https://i2-prod.chroniclelive.co.uk/incoming/article6783523.ece/ALTERNATES/s1200b/Davide-Santon.jpg,True
Ryan TAYLOR,Newcastle United,https://i2-prod.chroniclelive.co.uk/sport/football/football-news/article19781429.ece/ALTERNATES/s1200c/0_Taylor2.jpg,True
Cheik TIOTE,Newcastle United,https://c8.alamy.com/compfr/2d5k26h/cheick-tiote-newcastle-united-2d5k26h.jpg,True
Danny SIMPSON,Newcastle United,https://resources.premierleague.com/premierleague/photos/players/250x250/p40725.png,True
Demba BA,Newcastle United,https://w7.pngwing.com/pngs/1013/536/png-transparent-2014-15-newcastle-united-f-c-season-2014-15-premier-league-chelsea-f-c-football-player-senegal-football-sport-jersey-protective-gear-in-sports.png,True
Fabricio COLOCCINI,Newcastle United,https://c8.alamy.com/compfr/2baw1dj/fabricio-coloccini-newcastle-united-2baw1dj.jpg,True
Alan SMITH,Newcastle United,https://c8.alamy.com/compfr/jeae8x/alan-smith-newcastle-united-fc-st-james-park-newcastle-angleterre-05-aout-2007-jeae8x.jpg,True
Haris VUCKIC,Newcastle United,https://m.footballdatabase.eu/images/photos/players/a_40/40388.jpg,True
Leon BEST,Newcastle United,https://newcastletoons.com/wp-content/uploads/getty-images/2017/07/125422753.jpeg,True
Gabriel OBERTAN,Newcastle United,https://c8.alamy.com/compfr/2baw1dm/gabriel-obertan-newcastle-united-2baw1dm.jpg,True
Danny GUTHRIE,Newcastle United,https://encrypted-tbn0.gstatic.com/images?q=tbn:ANd9GcTGRo7TAdoX4ba784RNRolBpTlZBVykjU6gRj7S_g2y&s,True
Joey BARTON,Newcastle United,"https://images-wixmp-ed30a86b8c4ca887773594c2.wixmp.com/f/0cf21919-8606-455a-aae1-07672a5ae7c6/d82okkk-8d8a63f7-dd12-4f8c-ab0c-7e5afef07198.png/v1/fill/w_805,h_923,strp/fifa_11_joey_barton_newcastle_united_cover_by_thecoveruploader_d82okkk-fullview.png?token=eyJ0eXAiOiJKV1QiLCJhbGciOiJIUzI1NiJ9.eyJzdWIiOiJ1cm46YXBwOjdlMGQxODg5ODIyNjQzNzNhNWYwZDQxNWVhMGQyNmUwIiwiaXNzIjoidXJuOmFwcDo3ZTBkMTg4OTgyMjY0MzczYTVmMGQ0MTVlYTBkMjZlMCIsIm9iaiI6W1t7ImhlaWdodCI6Ijw9OTIzIiwicGF0aCI6IlwvZlwvMGNmMjE5MTktODYwNi00NTVhLWFhZTEtMDc2NzJhNWFlN2M2XC9kODJva2trLThkOGE2M2Y3LWRkMTItNGY4Yy1hYjBjLTdlNWFmZWYwNzE5OC5wbmciLCJ3aWR0aCI6Ijw9ODA1In1dXSwiYXVkIjpbInVybjpzZXJ2aWNlOmltYWdlLm9wZXJhdGlvbnMiXX0.bBfiQ5XLQi8n4iIOwBkcUIFJ-9K9M1T9r0CGGaga8ys",True
Peter LOVENKRANDS,Newcastle United,https://c8.alamy.com/comp/JB99EE/peter-lovenkrands-newcastle-united-fc-newcastle-united-fc-bloomfield-JB99EE.jpg,True
Papiss DEMBA CISSE,Newcastle United,https://media.gettyimages.com/id/139792744/fr/photo/newcastle-forward-papiss-cisse-celebrates-after-scoring-the-first-goal-during-the-barclays.jpg?s=612x612&w=gi&k=20&c=0ZKDsep-vtMtIKyESpc_I0sW6uY8RTjFs6R2fkF_F18=,True
Jonas GUTIERREZ,Newcastle United,https://media.gettyimages.com/id/474605728/fr/photo/jonas-gutierrez-of-newcastle-united-celebrates-scoring-his-teams-second-goal-during-the.jpg?s=612x612&w=gi&k=20&c=0y4Q43dD7JccJhlEjbYbvgIm4Panao-W8Pgafi0XoLI=,True
James PERCH,Newcastle United,https://i2-prod.chroniclelive.co.uk/incoming/article3183286.ece/ALTERNATES/s615b/8.jpg,True
Steven TAYLOR,Newcastle United,https://encrypted-tbn0.gstatic.com/images?q=tbn:ANd9GcRHAnX4Cn_i9ZbcrOEQVm-3QZjHJffS5_LnV7WG0QR_&s,True
Shane FERGUSON,Newcastle United,https://c8.alamy.com/comp/2BAW1DF/shane-ferguson-newcastle-united-2BAW1DF.jpg,True
Mike WILLIAMSON,Newcastle United,https://www.sunderlandecho.com/webimg/b25lY21zOjRkMzk3ZTdiLTFiNDEtNGQ4NS1hNDNiLTY5MGFkZmVjMzNhNDo5Yzc4ZWVhNC05M2E0LTRkZWYtOWY4Yi1lZTc3YzE1NDhkZGQ=.jpg?width=1200&enable=upscale,True
Sylvain MARVEAUX,Newcastle United,https://c8.alamy.com/compfr/2baaa98/sylvain-marveaux-newcastle-united-2baaa98.jpg,True
Yohan CABAYE,Newcastle United,https://w7.pngwing.com/pngs/251/79/png-transparent-yohan-cabaye-crystal-palace-f-c-newcastle-united-f-c-paris-saint-germain-f-c-premier-league-premier-league-boy-sports-football-player.png,True
Hatem BEN ARFA,Newcastle United,https://media.gettyimages.com/id/151149899/fr/photo/newcastle-england-september-02-hatem-ben-arfa-of-newcastle-united-celebrates-after-scoring-the.jpg?s=612x612&w=gi&k=20&c=dK08DiB3Mx14AY1c4MJ7i9OiYxvz8fcN6mxiqwj4jY0=,True
Sammy AMEOBI,Newcastle United,https://c8.alamy.com/zooms/6/728cf0df96944fbb8b2ff02ca9072a57/2baexb0.jpg,True
Tim KRUL,Newcastle United,https://media.gettyimages.com/id/485233752/fr/photo/tim-krul-poses-for-his-head-shot-during-a-newcastle-united-photocall-at-the-newcastle-united.jpg?s=612x612&w=gi&k=20&c=wzkymb5MQsfIEe7c-2uqtJHj8zMH2RiNI9lZKPA4HUI=,True
Dan GOSLING,Newcastle United,https://resources.premierleague.com/premierleague/photos/players/250x250/p40387.png,True
Anthony PILKINGTON,Norwich City,https://i2-prod.walesonline.co.uk/incoming/article7607516.ece/ALTERNATES/s1200/CS32045020.png,True
Andrew SURMAN,Norwich City,https://resources.premierleague.com/premierleague/photos/players/250x250/p15237.png,True
Andrew CROFTS,Norwich City,https://pbs.twimg.com/media/C9xv-GLW0AEy_bN.jpg,True
Wesley HOOLAHAN,Norwich City,https://resources.premierleague.com/premierleague/photos/players/250x250/p28499.png,True
Adam DRURY,Norwich City,https://www.communitysportsfoundation.org.uk/wp-content/uploads/2017/06/Adam-Drury-900x512.jpg,True
Russell MARTIN,Norwich City,https://c8.alamy.com/comp/KD3WAJ/russell-martin-norwich-city-KD3WAJ.jpg,True
Elliott WARD,Norwich City,https://encrypted-tbn0.gstatic.com/images?q=tbn:ANd9GcSagKbiWKAxa-mtsJFn1Ycq9ibcXxekTQE1H2Xfm0hB&s,True
Ritchie DE LAET,Norwich City,https://resources.premierleague.com/premierleague/photos/players/250x250/p46695.png,True
Marc TIERNEY,Norwich City,https://c8.alamy.com/comp/JB8BJC/marc-tierney-norwich-city-fc-norwich-city-fc-etihad-stadium-manchester-JB8BJC.jpg,True
Leon BARNETT,Norwich City,https://resources.premierleague.com/premierleague/photos/players/250x250/p15201.png,True
John RUDDY,Norwich City,https://w7.pngwing.com/pngs/485/678/png-transparent-john-ruddy-norwich-city-f-c-football-player-john-d-ruddy-norwich-city-f-c-tshirt-jersey-united-kingdom.png,True
Aaron WILBRAHAM,Norwich City,https://i.ebayimg.com/images/g/LqUAAOSw1dlZmzLp/s-l1600.jpg,True
Steve MORISON,Norwich City,https://c8.alamy.com/comp/2BAF0BF/steve-morison-norwich-city-2BAF0BF.jpg,True
Zak WHITBREAD,Norwich City,https://i.ebayimg.com/images/g/Ky0AAOSwCGVX9qkP/s-l500.jpg,True
Kyle NAUGHTON,Norwich City,https://resources.premierleague.com/premierleague/photos/players/250x250/p49539.png,True
Grant HOLT,Norwich City,https://resources.premierleague.com/premierleague/photos/players/250x250/p5741.png,True
Jonathan HOWSON,Norwich City,https://upload.wikimedia.org/wikipedia/commons/e/ea/Jonathan_Howson_%28cropped%29.png,True
James VAUGHAN,Norwich City,https://i.guim.co.uk/img/static/sys-images/Football/Pix/pictures/2011/11/21/1321908862213/James-Vaughan-007.jpg?width=1200&height=630&quality=85&auto=format&fit=crop&overlay-align=bottom%2Cleft&overlay-width=100p&overlay-base64=L2ltZy9zdGF0aWMvb3ZlcmxheXMvdGctYWdlLTIwMTEucG5n&s=8b55d73ae41621b523f0241bf37be431,True
Bradley JOHNSON,Norwich City,https://encrypted-tbn0.gstatic.com/images?q=tbn:ANd9GcSB4sydVXWsQY8Oj62kztz9RTe93Wb1Xnlk2LLWN9B9oQ&s,True
Declan RUDD,Norwich City,https://sofoot.s3.eu-central-1.amazonaws.com/wp-content/uploads/2023/01/27065413/declan-rudd.png,True
Simon LAPPIN,Norwich City,https://www.communitysportsfoundation.org.uk/wp-content/uploads/2018/05/Simon-Lappin-900x512.jpg,True
Chris MARTIN,Norwich City,http://www.sporting-heroes.net/content/thumbnails/00264/26344-zoom.jpg,True
Daniel AYALA,Norwich City,https://c8.alamy.com/compfr/2bb2h8m/daniel-ayala-de-norwich-city-2bb2h8m.jpg,True
Simeon JACKSON,Norwich City,https://i.ebayimg.com/images/g/OWgAAOSwZ7xexTeh/s-l1600.jpg,True
Elliott BENNETT,Norwich City,https://www.shrewsburytown.com/api/image/cropandgreyscale/c2f8a8c4-be8e-4830-a737-65d95cdeb015/?preset=player&greyscale=false,True
Ryan BENNETT,Norwich City,https://resources.premierleague.com/premierleague/photos/players/250x250/p41727.png,True
David FOX,Norwich City,http://www.sporting-heroes.net/content/thumbnails/00294/29327-zoom.jpg,True
Armand TRAORE,Queens Park Rangers,https://www.arsenalpics.com/p/5/armand-traore-arsenal-523433.jpg.webp,True
Bobby ZAMORA,Queens Park Rangers,https://static.wikia.nocookie.net/fulham/images/1/1c/Bobby_Zamora.jpg/revision/latest?cb=20131125131414,True
Joey BARTON,Queens Park Rangers,"https://images-wixmp-ed30a86b8c4ca887773594c2.wixmp.com/f/0cf21919-8606-455a-aae1-07672a5ae7c6/d82okkk-8d8a63f7-dd12-4f8c-ab0c-7e5afef07198.png/v1/fill/w_805,h_923,strp/fifa_11_joey_barton_newcastle_united_cover_by_thecoveruploader_d82okkk-fullview.png?token=eyJ0eXAiOiJKV1QiLCJhbGciOiJIUzI1NiJ9.eyJzdWIiOiJ1cm46YXBwOjdlMGQxODg5ODIyNjQzNzNhNWYwZDQxNWVhMGQyNmUwIiwiaXNzIjoidXJuOmFwcDo3ZTBkMTg4OTgyMjY0MzczYTVmMGQ0MTVlYTBkMjZlMCIsIm9iaiI6W1t7ImhlaWdodCI6Ijw9OTIzIiwicGF0aCI6IlwvZlwvMGNmMjE5MTktODYwNi00NTVhLWFhZTEtMDc2NzJhNWFlN2M2XC9kODJva2trLThkOGE2M2Y3LWRkMTItNGY4Yy1hYjBjLTdlNWFmZWYwNzE5OC5wbmciLCJ3aWR0aCI6Ijw9ODA1In1dXSwiYXVkIjpbInVybjpzZXJ2aWNlOmltYWdlLm9wZXJhdGlvbnMiXX0.bBfiQ5XLQi8n4iIOwBkcUIFJ-9K9M1T9r0CGGaga8ys",True
Luke YOUNG,Queens Park Rangers,https://upload.wikimedia.org/wikipedia/commons/1/16/Luke_Young.jpg,True
Shaun WRIGHT-PHILLIPS,Queens Park Rangers,https://c8.alamy.com/zoomsfr/6/3aa82e16bee041bbb78d05bcf775ac34/2baa8er.jpg,True
Jason PUNCHEON,Queens Park Rangers,https://resources.premierleague.com/premierleague/photos/players/250x250/p19197.png,True
Anton FERDINAND,Queens Park Rangers,https://media.gettyimages.com/id/1338877872/fr/photo/anton-ferdinand-the-former-west-ham-united-sunderland-and-queens-park-rangers-footballer.jpg?s=612x612&w=gi&k=20&c=jK6_L6jKtEAfTj81ONg3oifo5Gr-6GD8vRFP38OMn10=,True
Samba DIAKITE,Queens Park Rangers,https://c8.alamy.com/zoomsfr/6/80777082aac2490aacd40727486318e0/2bamfww.jpg,True
Tommy SMITH,Queens Park Rangers,https://i.ebayimg.com/images/g/EkkAAOxynapRgeBT/s-l500.jpg,True
Heidar HELGUSON,Queens Park Rangers,https://resources.premierleague.com/premierleague/photos/players/250x250/p3731.png,True
Djibril CISSE,Queens Park Rangers,https://static1.purepeople.com/articles/0/16/70/30/@/1969223-queens-park-rangers-djibril-cisse-950x0-1.jpg,True
Jamie MACKIE,Queens Park Rangers,https://encrypted-tbn0.gstatic.com/images?q=tbn:ANd9GcQbTyAq_XBlsparMNk8at0mhjDMl2b3dmRwaJ4Agkcc&s,True
Bruno ANDRADE,Queens Park Rangers,https://www.qpr.co.uk/media/6359/1cdb0b3b-034c-4ea7-8ed4-c6867be78ed0.jpg?anchor=center&mode=crop&width=900&height=506&quality=75,True
Fitz HALL,Queens Park Rangers,https://c8.alamy.com/comp/JDX9XG/fitz-hall-queens-park-rangers-fc-kcstadium-hull-england-12-april-2008-JDX9XG.jpg,True
Bruno PERRONI,Queens Park Rangers,"                 Player Name                     Team                                          image_url  image_url
0               Aaron RAMSEY                  Arsenal  https://encrypted-tbn0.gstatic.com/images?q=tb...       True
1             Alexandre SONG                  Arsenal  https://c8.alamy.com/compfr/jdc35x/alexandre-s...       True
2    Alex OXLADE-CHAMBERLAIN                  Arsenal  https://w7.pngwing.com/pngs/810/903/png-transp...       True
3              Armand TRAORE                  Arsenal  https://www.arsenalpics.com/p/5/armand-traore-...       True
4           Francis COQUELIN                  Arsenal  https://resources.premierleague.com/premierlea...       True
..                       ...                      ...                                                ...        ...
557             Ronald ZUBAR  Wolverhampton Wanderers  https://www.wolvespics.com/p/208/new-signing-r...       True
558            Jody CRADDOCK  Wolverhampton Wanderers  https://resources.premierleague.com/premierlea...       True
559        Emmanuel FRIMPONG  Wolverhampton Wanderers  https://www.arsenalpics.com/p/5/emmanuel-frimp...       True
560          Wayne HENNESSEY  Wolverhampton Wanderers  https://resources.premierleague.com/premierlea...       True
561               Carl IKEME  Wolverhampton Wanderers  https://resources.premierleague.com/premierlea...       True

[562 rows x 4 columns]",True
Michael HARRIMAN,Queens Park Rangers,https://cdn.soccerwiki.org/images/player/51966.png,True
Kieron DYER,Queens Park Rangers,https://c8.alamy.com/compfr/2baw1ar/kieron-dyer-queens-park-rangers-2baw1ar.jpg,True
Patrick AGYEMANG,Queens Park Rangers,https://c8.alamy.com/comp/2EB9BGP/football-stock-0910-11809-patrick-agyemang-queens-park-rangers-mandatory-credit-action-images-peter-cziborra-2EB9BGP.jpg,True
Paddy KENNY,Queens Park Rangers,https://encrypted-tbn0.gstatic.com/images?q=tbn:ANd9GcRe8gtAnntZq9GyvhyrUkz721HeSplXtk6N4rUAP8WmIA&s,True
Jay BOTHROYD,Queens Park Rangers,https://c8.alamy.com/comp/JB796T/jay-bothroyd-queens-park-rangers-fc-queens-park-rangers-fc-molineux-JB796T.jpg,True
Matthew CONNOLLY,Queens Park Rangers,https://resources.premierleague.com/premierleague/photos/players/250x250/p27698.png,True
Dudley CAMPBELL,Queens Park Rangers,https://c8.alamy.com/comp/JB7974/dj-campbell-queens-park-rangers-fc-queens-park-rangers-fc-molineux-JB7974.jpg,True
Clint HILL,Queens Park Rangers,https://upload.wikimedia.org/wikipedia/commons/thumb/4/49/Clint_Hill_Hull_City_v._Queens_Park_Rangers_29-01-11_1.png/640px-Clint_Hill_Hull_City_v._Queens_Park_Rangers_29-01-11_1.png,True
Akos BUZSAKY,Queens Park Rangers,https://i.etsystatic.com/35168091/r/il/83d93a/3960120045/il_570xN.3960120045_rktv.jpg,True
Nedum ONUOHA,Queens Park Rangers,https://www.mancity.com/meta/media/2rljb4qh/nedum-onuoha-main-image-1.jpg?width=1620,True
Danny GABBIDON,Queens Park Rangers,https://l450v.alamy.com/450v/jb73yx/danny-gabbidon-queens-park-rangers-fc-loftus-road-stadium-london-england-jb73yx.jpg,True
Alejandro DAMIAN FAURLIN,Queens Park Rangers,https://c8.alamy.com/zooms/6/24bdd05e26f0498f9ef8df09eef9f06c/2baa8e3.jpg,True
Bradley ORR,Queens Park Rangers,https://c8.alamy.com/zoomsfr/6/c2989294099544baa82456dd050f32bf/2baet6y.jpg,True
Radek CERNY,Queens Park Rangers,http://www.sporting-heroes.net/content/thumbnails/00136/13501-zoom.jpg,True
Shaun DERRY,Queens Park Rangers,https://i.ebayimg.com/images/g/5A0AAOxy1klRb45h/s-l500.jpg,True
Rob HULSE,Queens Park Rangers,https://resources.premierleague.com/premierleague/photos/players/250x250/p5692.png,True
Taye TAIWO,Queens Park Rangers,https://c8.alamy.com/compfr/g52nt5/taye-taiwo-des-queens-park-rangers-celebre-apres-le-match-g52nt5.jpg,True
Hogan EPHRAIM,Queens Park Rangers,https://c8.alamy.com/comp/2D35J5R/hogan-ephraim-queens-park-rangers-2D35J5R.jpg,True
Adel TAARABT,Queens Park Rangers,https://w7.pngwing.com/pngs/702/234/png-transparent-adel-taarabt-queens-park-rangers-f-c-manchester-city-f-c-england-national-football-team-chelsea-f-c-edison-cavani-football-player-soccer-player-adel-taarabt.png,True
Federico MACHEDA,Queens Park Rangers,https://imgresizer.eurosport.com/unsafe/1280x960/smart/filters:format(jpeg)/origin-imgresizer.eurosport.com/2020/05/10/2817043-58105888-2560-1440.png,True
Cameron JEROME,Stoke City,http://cdn.soccerwiki.org/images/player/405.png,True
Thomas SORENSEN,Stoke City,https://i.ebayimg.com/images/g/kskAAMXQlUNRPRkN/s-l500.jpg,True
Ricardo FULLER,Stoke City,https://resources.premierleague.com/premierleague/photos/players/250x250/p11721.png,True
Danny HIGGINBOTHAM,Stoke City,https://upload.wikimedia.org/wikipedia/commons/thumb/b/b1/DannyHigginbotham.jpg/200px-DannyHigginbotham.jpg,True
Asmir BEGOVIC,Stoke City,https://m.footballdatabase.eu/images/photos/players/a_21/21050.jpg,True
Ryan SHOTTON,Stoke City,https://i2-prod.stokesentinel.co.uk/incoming/article401693.ece/ALTERNATES/s1200c/Shotton-goal-v-Baggies.jpg,True
Jonathan WALTERS,Stoke City,https://cdn.shopify.com/s/files/1/0276/9165/products/WALTERSPIC_800x.png?v=1620650049,True
Robert HUTH,Stoke City,https://cdn.soccerwiki.org/images/player/454.png,True
Rory DELAP,Stoke City,https://mn2s-content.s3.eu-west-2.amazonaws.com/wp-content/uploads/2021/11/08180051/Rory-Delap.png,True
Ryan SHAWCROSS,Stoke City,https://cdn.shopify.com/s/files/1/0276/9165/products/SHAWCROSSPIC_800x.png?v=1620651665,True
Kenwyne JONES,Stoke City,https://www.footyrenders.com/render/jones.png,True
Matthew UPSON,Stoke City,http://www.sporting-heroes.net/content/thumbnails/00293/29155-zoom.jpg,True
Peter CROUCH,Stoke City,https://w1.pngwing.com/pngs/827/779/png-transparent-manchester-city-peter-crouch-stoke-city-fc-premier-league-manchester-united-fc-football-football-player-liverpool-fc.png,True
Wilson PALACIOS,Stoke City,https://c8.alamy.com/comp/2BAB35T/wilson-palacios-stoke-city-2BAB35T.jpg,True
Jermaine PENNANT,Stoke City,http://www.sporting-heroes.net/content/thumbnails/00272/27148-zoom.jpg,True
Glenn WHELAN,Stoke City,https://cdn.shopify.com/s/files/1/0276/9165/products/WHELANPIC_800x.png?v=1620649530,True
Salif DIAO,Stoke City,https://media.gettyimages.com/id/119451988/fr/photo/salif-diao-of-stoke-city-looks-on-during-the-pre-season-friendly-match-between-newcastle-town.jpg?s=612x612&w=gi&k=20&c=SPzjxEyiiowXjVatIbezegRwvL4FK1zEyHqZiI_Vj8c=,True
Dean WHITEHEAD,Stoke City,https://resources.premierleague.com/premierleague/photos/players/250x250/p5589.png,True
Danny PUGH,Stoke City,https://i.ebayimg.com/images/g/9UAAAMXQTghRPRlY/s-l400.jpg,True
Marc WILSON,Stoke City,https://resources.premierleague.com/premierleague/photos/players/250x250/p32318.png,True
Matthew ETHERINGTON,Stoke City,https://resources.premierleague.com/premierleague/photos/players/250x250/p2570.png,True
Andy WILKINSON,Stoke City,https://s.hs-data.com/bilder/spieler/gross/28714.jpg,True
Jonathan WOODGATE,Stoke City,https://resources.premierleague.com/premierleague/photos/players/250x250/p973.png,True
Craig GORDON,Sunderland,https://encrypted-tbn0.gstatic.com/images?q=tbn:ANd9GcQUChfQLTUy__T0MqbswI8ExU1dvnDm7_nP6dtkhZErDw&s,True
David MEYLER,Sunderland,https://resources.premierleague.com/premierleague/photos/players/250x250/p53371.png,True
Fraizer CAMPBELL,Sunderland,https://i2-prod.mirror.co.uk/incoming/article840290.ece/ALTERNATES/s1200c/Fraizer%20Campbell%20of%20Sunderland%20looks%20on,True
Keiren WESTWOOD,Sunderland,https://encrypted-tbn0.gstatic.com/images?q=tbn:ANd9GcSWrU2Min5nIzeVK7dlyyL7RYgXtds28ZabJNEkcfi4&s,True
Ryan NOBLE,Sunderland,https://upload.wikimedia.org/wikipedia/commons/thumb/8/83/Ryan_Noble.jpg/200px-Ryan_Noble.jpg,True
Matthew KILGALLON,Sunderland,http://www.sporting-heroes.net/content/thumbnails/00263/26230-product.jpg,True
Wayne BRIDGE,Sunderland,https://resources.premierleague.com/premierleague/photos/players/250x250/p1940.png,True
Michael TURNER,Sunderland,https://encrypted-tbn0.gstatic.com/images?q=tbn:ANd9GcT4JtqBPj04g98o1FGS-obNya6LVXoH8TDIB3C3a9mj&s,True
James MCCLEAN,Sunderland,https://i2-prod.chroniclelive.co.uk/incoming/article1733632.ece/ALTERNATES/s1200c/james-mcclean.jpg,True
Stephane SESSEGNON,Sunderland,https://www.footyrenders.com/render/Stephane-Sessegnon.png,True
Ahmed EL MOHAMADY,Sunderland,https://resources.premierleague.com/premierleague/photos/players/250x250/p37339.png,True
Craig GARDNER,Sunderland,https://cdn.shopify.com/s/files/1/0276/9165/products/gardnerpic_800x.png?v=1620229092,True
Connor WICKHAM,Sunderland,https://resources.premierleague.com/premierleague/photos/players/250x250/p59125.png,True
Anton FERDINAND,Sunderland,https://media.gettyimages.com/id/1338877872/fr/photo/anton-ferdinand-the-former-west-ham-united-sunderland-and-queens-park-rangers-footballer.jpg?s=612x612&w=gi&k=20&c=jK6_L6jKtEAfTj81ONg3oifo5Gr-6GD8vRFP38OMn10=,True
Asamoah GYAN,Sunderland,https://media.gettyimages.com/id/450520798/fr/photo/asamoah-gyan-of-ghana-poses-during-the-official-fifa-world-cup-2014-portrait-session-on-june.jpg?s=612x612&w=gi&k=20&c=r77HhYBoLKuTGk7N5tHpXBbapKfcmJZuCNITALYW9xE=,True
John O'SHEA,Sunderland,https://w7.pngwing.com/pngs/223/694/png-transparent-john-o-shea-sunderland-a-f-c-manchester-united-f-c-republic-of-ireland-national-football-team-premier-league-premier-league.png,True
David VAUGHAN,Sunderland,https://i2-prod.chroniclelive.co.uk/incoming/article1354107.ece/ALTERNATES/s1200c/featured-david-vaughan-484590704.jpg,True
Sotirios KYRGIAKOS,Sunderland,https://media.gettyimages.com/id/847452206/photo/sotirios-kyrgiakos-sunderland.jpg?s=612x612&w=gi&k=20&c=qu9f4bxHYfQQFaPBjDwDBYwhhmknb_h-guzkH1oXN_I=,True
Nicklas BENDTNER,Sunderland,https://e7.pngegg.com/pngimages/362/677/png-clipart-football-player-team-sport-joel-campbell-sport-sports-equipment-thumbnail.png,True
Simon MIGNOLET,Sunderland,https://img.favpng.com/16/21/1/simon-mignolet-liverpool-f-c-sunderland-a-f-c-football-player-png-favpng-awx2nHB22PPFQh6kmjLST9YBc.jpg,True
Dong-Won JI,Sunderland,https://www.playmakerstats.com/img/jogadores/35/161735_med_ji_dong_won.png,True
Wes BROWN,Sunderland,https://i2-prod.chroniclelive.co.uk/incoming/article12474687.ece/ALTERNATES/s615/JS65905759.jpg,True
Jack COLBACK,Sunderland,https://cdn.shopify.com/s/files/1/0276/9165/products/colbackpic_800x.png?v=1620229337,True
Sebastian LARSSON,Sunderland,https://resources.premierleague.com/premierleague/photos/players/250x250/p19057.png,True
Kieran RICHARDSON,Sunderland,https://www.si.com/.image/ar_4:3%2Cc_fill%2Ccs_srgb%2Cfl_progressive%2Cg_xy_center%2Cq_auto:good%2Cw_1200%2Cx_921%2Cy_407/MTk1NDI2Mjg0MDQwMzY1ODE0/kieran-richardson-sunderland-newcastle.jpg,True
Phil BARDSLEY,Sunderland,https://i2-prod.chroniclelive.co.uk/incoming/article10690016.ece/ALTERNATES/s1200c/JS34053025.jpg,True
Lee CATTERMOLE,Sunderland,https://i2-prod.chroniclelive.co.uk/sport/football/football-news/article16516130.ece/ALTERNATES/s1200c/3_GettyImages-1077393418jpgm.jpg,True
Titus BRAMBLE,Sunderland,https://resources.premierleague.com/premierleague/photos/players/250x250/p1131.png,True
Joshua MCEACHRAN,Swansea City,https://upload.wikimedia.org/wikipedia/commons/thumb/c/c5/Joshua_mceachran.png/220px-Joshua_mceachran.png,True
Wayne ROUTLEDGE,Swansea City,https://w7.pngwing.com/pngs/806/194/png-transparent-swansea-city-a-f-c-wayne-routledge-real-madrid-c-f-west-bromwich-albion-f-c-soccer-player-ledge-soccer-player-fabio-coentrao-swansea-city-afc.png,True
Steven CAULKER,Swansea City,https://resources.premierleague.com/premierleague/photos/players/250x250/p68815.png,True
Stephen DOBBIE,Swansea City,https://media.gettyimages.com/id/594788684/fr/photo/stephen-dobbie-of-swansea-city.jpg?s=612x612&w=gi&k=20&c=rWmkqxg00pXRQN9PYEM8aZUNA2Iur3mHTiKg95WgYAs=,True
Scott SINCLAIR,Swansea City,https://c8.alamy.com/comp/2D304YN/scott-sinclair-swansea-city-2D304YN.jpg,True
Nathan DYER,Swansea City,https://resources.premierleague.com/premierleague/photos/players/250x250/p21083.png,True
Leon BRITTON,Swansea City,https://resources.premierleague.com/premierleague/photos/players/250x250/p15114.png,True
Leroy LITA,Swansea City,http://www.sporting-heroes.net/content/thumbnails/00281/27956-zoom.jpg,True
Kemy AGUSTIEN,Swansea City,https://c8.alamy.com/comp/2BA9HT3/kemy-agustien-swansea-city-2BA9HT3.jpg,True
Joe ALLEN,Swansea City,https://cdn.swanseacity.com/sites/default/files/2022-07/Joe-Allen-1x1.png,True
Danny GRAHAM,Swansea City,https://i.ebayimg.com/images/g/zXMAAOSw-0xYfMbt/s-l500.jpg,True
Neil TAYLOR,Swansea City,https://cdn.shopify.com/s/files/1/0276/9165/products/taylorfig_800x.png?v=1620293401,True
Angel RANGEL,Swansea City,https://cdn.shopify.com/s/files/1/0276/9165/products/rangelpic_800x.png?v=1620288962,True
Alan TATE,Swansea City,"https://ih1.redbubble.net/image.4162514977.9700/st,small,507x507-pad,600x600,f8f8f8.jpg",True
Gerhard TREMMEL,Swansea City,https://resources.premierleague.com/premierleague/photos/players/250x250/p5288.png,True
Gylfi SIGURDSSON,Swansea City,https://w7.pngwing.com/pngs/618/331/png-transparent-gylfi-sigur%C3%B0sson-swansea-city-a-f-c-football-rendering-sport-football-sport-author-sports-equipment.png,True
Michel VORM,Swansea City,https://w7.pngwing.com/pngs/53/817/png-transparent-michel-vorm-swansea-city-a-f-c-t-shirt-team-sport-football-player-t-shirt-tshirt-blue-sport.png,True
Ashley WILLIAMS,Swansea City,https://c8.alamy.com/comp/G4A4J5/soccer-swansea-city-play-off-feature-liberty-stadium-ashley-williams-G4A4J5.jpg,True
Garry MONK,Swansea City,https://media.gettyimages.com/id/113157564/photo/swansea-player-garry-monk-in-action-during-the-npower-championship-match-between-swansea-city.jpg?s=612x612&w=gi&k=20&c=O3mwluVa3QKiyZc00iaueqrpI-Ty79BgQH9ld-ZCq2w=,True
Fola ONIBUJE,Swansea City,"                 Player Name                     Team                                          image_url  image_url
0               Aaron RAMSEY                  Arsenal  https://encrypted-tbn0.gstatic.com/images?q=tb...       True
1             Alexandre SONG                  Arsenal  https://c8.alamy.com/compfr/jdc35x/alexandre-s...       True
2    Alex OXLADE-CHAMBERLAIN                  Arsenal  https://w7.pngwing.com/pngs/810/903/png-transp...       True
3              Armand TRAORE                  Arsenal  https://www.arsenalpics.com/p/5/armand-traore-...       True
4           Francis COQUELIN                  Arsenal  https://resources.premierleague.com/premierlea...       True
..                       ...                      ...                                                ...        ...
557             Ronald ZUBAR  Wolverhampton Wanderers  https://www.wolvespics.com/p/208/new-signing-r...       True
558            Jody CRADDOCK  Wolverhampton Wanderers  https://resources.premierleague.com/premierlea...       True
559        Emmanuel FRIMPONG  Wolverhampton Wanderers  https://www.arsenalpics.com/p/5/emmanuel-frimp...       True
560          Wayne HENNESSEY  Wolverhampton Wanderers  https://resources.premierleague.com/premierlea...       True
561               Carl IKEME  Wolverhampton Wanderers  https://resources.premierleague.com/premierlea...       True

[562 rows x 4 columns]",True
Federico BESSONE,Swansea City,https://c8.alamy.com/comp/2D35KPD/federico-bessone-swansea-city-2D35KPD.jpg,True
Andrea ORLANDI,Swansea City,https://www.leballonrond.fr/img/jogadores/52/539752_med__20190110102933_andrea_orlandi.png,True
Vangelis MORAS,Swansea City,https://images.fotmob.com/image_resources/playerimages/39440.png,True
Mark GOWER,Swansea City,https://i2-prod.walesonline.co.uk/incoming/article18101534.ece/ALTERNATES/s1200c/0_Nottingham-Forest-v-Swansea-City.jpg,True
Luke MOORE,Swansea City,https://encrypted-tbn0.gstatic.com/images?q=tbn:ANd9GcS7a96fUXzyVLLhnZkcfPzl_m7ZZCqkbrv2DxX6rs38&s,True
Ashley RICHARDS,Swansea City,https://media.gettyimages.com/id/97511345/fr/photo/ashley-richards-of-swansea-prepares-to-take-a-throw-in-during-the-coca-cola-championship-match.jpg?s=612x612&w=gi&k=20&c=obRaXFPmjidYT_5e6uLukWfbS71FRVqwTztQLbi2m-A=,True
Younes KABOUL,Tottenham Hotspur,https://encrypted-tbn0.gstatic.com/images?q=tbn:ANd9GcRKWTdDWVO4EG1HSxSYY9TLnK0VmJUmg1y5aVObt_qPhA&s,True
Louis SAHA,Tottenham Hotspur,https://fff.twic.pics/https://media.fff.fr/uploads/images/987d7374f766897a72633004fcb2e564.png?twic=v1/focus=1059x680,True
Luka MODRIC,Tottenham Hotspur,https://img2.freepng.fr/20180527/irb/kisspng-chelsea-f-c-tottenham-hotspur-f-c-rivalry-gnk-luka-modric-5b0a638ad9c510.301296321527407498892.jpg,True
Peter CROUCH,Tottenham Hotspur,https://w1.pngwing.com/pngs/827/779/png-transparent-manchester-city-peter-crouch-stoke-city-fc-premier-league-manchester-united-fc-football-football-player-liverpool-fc.png,True
Ryan NELSEN,Tottenham Hotspur,https://cdn.staticneo.com/w/footballmanager/Nelsen.jpg,True
Gareth BALE,Tottenham Hotspur,https://resources.premierleague.com/premierleague/photos/players/250x250/p36903.png,True
Cordeiro SANDRO,Tottenham Hotspur,https://futhead.cursecdn.com/static/img/14/players/190782.png,True
Emmanuel ADEBAYOR,Tottenham Hotspur,https://encrypted-tbn0.gstatic.com/images?q=tbn:ANd9GcQnV8t7c2fLzTgWmdnq81RgXe1Yp0K5t6smEzajK5QNOQ&s,True
Giovani DOS SANTOS,Tottenham Hotspur,https://w7.pngwing.com/pngs/832/971/png-transparent-jersey-giovani-dos-santos-football-player-graphy-t-shirt-others-miscellaneous-tshirt-sport-thumbnail.png,True
Ledley KING,Tottenham Hotspur,https://resources.premierleague.com/premierleague/photos/players/250x250/p1934.png,True
Scott PARKER,Tottenham Hotspur,https://resources.premierleague.com/premierleague/photos/players/250x250/man49243.png,True
Adam SMITH,Tottenham Hotspur,https://resources.premierleague.com/premierleague/photos/players/250x250/p54469.png,True
Steven PIENAAR,Tottenham Hotspur,https://www.pngitem.com/pimgs/m/334-3344253_europa-league-titles-steven-pienaar-everton-hd-png.png,True
Vedran CORLUKA,Tottenham Hotspur,https://media.gettyimages.com/id/525778328/fr/photo/vedran-corluka-of-tottenham-hotspur.jpg?s=612x612&w=gi&k=20&c=iXgCkXNfG07DQVrdqrgXSvtblkWVFUB2leKXbSUqueE=,True
Cameron LANCASTER,Tottenham Hotspur,https://encrypted-tbn0.gstatic.com/images?q=tbn:ANd9GcS5taUuwPTVqOg8Dp9ta8IcYzDheuWwhApSBJGpCm62HA&s,True
Sebastien BASSONG,Tottenham Hotspur,https://c8.alamy.com/compfr/g4mchk/football-uefa-europa-league-groupe-a-tottenham-hotspur-v-rubin-kazan-white-hart-lane-sebastien-bassong-tottenham-hotspur-g4mchk.jpg,True
Roman PAVLYUCHENKO,Tottenham Hotspur,https://img.a.transfermarkt.technology/portrait/big/15072-1554113804.png?lm=1,True
Rafael VAN DER VAART,Tottenham Hotspur,https://e7.pngegg.com/pngimages/440/227/png-clipart-rafael-van-der-vaart-tottenham-hotspur-f-c-premier-league-rafael-van-der-vaart-tshirt-jersey.png,True
Niko KRANJCAR,Tottenham Hotspur,https://lh5.googleusercontent.com/-W54ngU11FoE/TXfbSuunq9I/AAAAAAAANOQ/uD4fe76ceiw/s1600/Niko+KRANJCAR+Panini+Tottenham+Spurs+2011.png,True
Michael DAWSON,Tottenham Hotspur,https://resources.premierleague.com/premierleague/photos/players/250x250/p12679.png,True
William GALLAS,Tottenham Hotspur,https://c8.alamy.com/compfr/2bae27n/william-gallas-tottenham-hotspur-2bae27n.jpg,True
Brad FRIEDEL,Tottenham Hotspur,https://resources.premierleague.com/premierleague/photos/players/250x250/p1803.png,True
Danny ROSE,Tottenham Hotspur,https://resources.premierleague.com/premierleague/photos/players/250x250/p38290.png,True
Benoit ASSOU-EKOTTO,Tottenham Hotspur,https://upload.wikimedia.org/wikipedia/commons/c/c1/Beno%C3%AEt_Assou-Ekotto_1.png,True
Aaron LENNON,Tottenham Hotspur,https://c8.alamy.com/compfr/jdc390/aaron-lennon-tottenham-hotspur-fc-stade-kc-hull-angleterre-23-fevrier-2009-jdc390.jpg,True
Tom HUDDLESTONE,Tottenham Hotspur,https://c8.alamy.com/compfr/2d678g4/tom-huddlestone-tottenham-hotspur-2d678g4.jpg,True
Jake LIVERMORE,Tottenham Hotspur,https://encrypted-tbn0.gstatic.com/images?q=tbn:ANd9GcTGFY5BCbe1CjQGconGCHGYCuiD7_4jtosDVbUa1mV-&s,True
Jermain DEFOE,Tottenham Hotspur,https://encrypted-tbn0.gstatic.com/images?q=tbn:ANd9GcSXrVpdeFYp2hQ0pZgylWFo6LoK41EqfiLwK7XiEx6AgQ&s,True
Kyle WALKER,Tottenham Hotspur,https://w7.pngwing.com/pngs/630/498/png-transparent-kyle-walker-tottenham-hotspur-f-c-2018-world-cup-manchester-city-f-c-premier-league-premier-league-tshirt-jersey-sports.png,True
Marc-Antoine FORTUNE,West Bromwich Albion,https://i.pinimg.com/474x/03/ec/8d/03ec8d90bd47dbb9fd31181999c0fb2b.jpg,True
Graham DORRANS,West Bromwich Albion,https://cdn.shopify.com/s/files/1/0276/9165/products/DORRANSPIC_1383c05e-e435-4d2b-a9bb-c674ae491252_800x.png?v=1620310225,True
Billy JONES,West Bromwich Albion,https://i2-prod.birminghammail.co.uk/incoming/article6735781.ece/ALTERNATES/s615/Yannick-Sagbo-bottom-of-Hull-City-and-Billy-Jones-top-of-West-Bromwich-Albion.png,True
Marton FULOP,West Bromwich Albion,https://editorial01.shutterstock.com/preview-440/1717958o/42a20247/Shutterstock_1717958o.jpg,True
Liam RIDGEWELL,West Bromwich Albion,https://i2-prod.mirror.co.uk/incoming/article809748.ece/ALTERNATES/s1200b/Liam%20Ridgewell%20of%20West%20Brom%20celebrates,True
George THORNE,West Bromwich Albion,http://www.sporting-heroes.net/content/thumbnails/00308/30690-zoom.jpg,True
Craig DAWSON,West Bromwich Albion,https://w7.pngwing.com/pngs/18/135/png-transparent-craig-dawson-west-bromwich-albion-f-c-england-premier-league-football-player-england-tshirt-world-jersey.png,True
Peter ODEMWINGIE,West Bromwich Albion,https://i.guim.co.uk/img/static/sys-images/Sport/Pix/pictures/2012/4/22/1335115523195/Peter-Odemwingie-of-West--008.jpg?width=465&quality=85&dpr=1&s=none,True
Gareth MCAULEY,West Bromwich Albion,https://cdn.shopify.com/s/files/1/0276/9165/products/McAuleyPIC_800x.png?v=1620305076,True
Ben FOSTER,West Bromwich Albion,https://resources.premierleague.com/premierleague/photos/players/250x250/p9089.png,True
Chris BRUNT,West Bromwich Albion,https://resources.premierleague.com/premierleague/photos/players/250x250/p19151.png,True
Gabriel TAMAS,West Bromwich Albion,https://media.gettyimages.com/id/808484414/photo/gabriel-tamas-west-bromwich-albion.jpg?s=612x612&w=gi&k=20&c=aR9hA3U3KoYaEdm3oub_lJ_H0abWyGglAfJPRAaoWek=,True
Gonzalo JARA REYES,West Bromwich Albion,https://media.gettyimages.com/id/525697262/fr/photo/gonzalo-jara-reyes-of-west-bromwich-albion.jpg?s=612x612&w=gi&k=20&c=DNN1vh1JkDezUTW6oGTTqkm83o67RfaUJreCx53Ny_4=,True
James MORRISON,West Bromwich Albion,https://encrypted-tbn0.gstatic.com/images?q=tbn:ANd9GcQ9mVlPdVgT4GV9vySKfqRKjCnEXjHlS552SHKUpiLL&s,True
Jonas OLSSON,West Bromwich Albion,https://resources.premierleague.com/premierleague/photos/players/250x250/p39253.png,True
Nicky SHOREY,West Bromwich Albion,https://i.ebayimg.com/images/g/2SYAAOxyJ8ZRhzh0/s-l1600.jpg,True
Paul SCHARNER,West Bromwich Albion,https://c8.alamy.com/compfr/c8ggpd/paul-scharner-de-west-bromwich-albion-c8ggpd.jpg,True
Shane LONG,West Bromwich Albion,https://i2-prod.mirror.co.uk/incoming/article2246410.ece/ALTERNATES/s615b/FILE-Shane-Long-Transfer-Agreed-In-Principle-From-West-Brom-To-Hull-City.jpg,True
Simon COX,West Bromwich Albion,https://i.ebayimg.com/images/g/2s0AAOxyOM5Rb0Uq/s-l500.jpg,True
Somen TCHOYI,West Bromwich Albion,https://media.gettyimages.com/id/130760078/fr/photo/somen-tchoyi-of-west-bromwich-albion-in-action-during-the-barclays-premier-league-match.jpg?s=612x612&w=gi&k=20&c=8pMywyUM3qY1okY81Vdq1KkR_KjrBk1-KeaZ4hF5vf0=,True
Zoltan GERA,West Bromwich Albion,https://i.etsystatic.com/35168091/r/il/201e01/3966968167/il_570xN.3966968167_545b.jpg,True
Youssouf MULUMBU,West Bromwich Albion,https://i2-prod.birminghammail.co.uk/incoming/article6646204.ece/ALTERNATES/s1200c/Youssouf-Mulumbu-scores-the-third-goal-for-West-Brom.png,True
Jerome THOMAS,West Bromwich Albion,https://i.ebayimg.com/images/g/c0cAAOxyPLpRb1Wa/s-l500.jpg,True
Keith ANDREWS,West Bromwich Albion,https://i2-prod.birminghammail.co.uk/incoming/article168423.ece/ALTERNATES/s615b/keith-andrews-624383544.jpg,True
Steven REID,West Bromwich Albion,https://i2-prod.birminghammail.co.uk/sport/football/football-news/article9277233.ece/ALTERNATES/s615b/Reid.png,True
Antolin ALCARAZ,Wigan Athletic,https://www.leballonrond.fr/img/jogadores/74/795574_med__20210623012503_antolin_alcaraz.png,True
James MCCARTHY,Wigan Athletic,https://as01.epimg.net/img/comunes/fotos/fichas/deportistas/m/mcc/large/20678.png,True
James MCARTHUR,Wigan Athletic,https://resources.premierleague.com/premierleague/photos/players/250x250/p50471.png,True
Mohamed DIAME,Wigan Athletic,https://i.ebayimg.com/images/g/wUcAAOxyuCJRb1OW/s-l500.jpg,True
Adrian Lopez RODRIGUEZ,Wigan Athletic,https://i.ebayimg.com/images/g/MZsAAOxyOM5Rb4K1/s-l1600.jpg,True
Albert CRUSAT,Wigan Athletic,https://c8.alamy.com/comp/G5DGKW/soccer-capital-one-cup-second-round-nottingham-forest-v-wigan-athletic-G5DGKW.jpg,True
Maynor FIGUEROA,Wigan Athletic,https://c8.alamy.com/zoomsfr/9/b3039fcb8fc440ac94b2fa74a1256906/jcgmm5.jpg,True
David JONES,Wigan Athletic,https://i.ebayimg.com/images/g/LdIAAOxybi9RcOu7/s-l1600.jpg,True
Patrick VAN AANHOLT,Wigan Athletic,https://resources.premierleague.com/premierleague/photos/players/250x250/p74230.png,True
Jordi GOMEZ,Wigan Athletic,https://c8.alamy.com/comp/2D5MDAM/jordi-gomez-wigan-athletic-2D5MDAM.jpg,True
Shaun MALONEY,Wigan Athletic,https://c8.alamy.com/comp/2D5MDA5/shaun-maloney-wigan-athletic-2D5MDA5.jpg,True
Victor MOSES,Wigan Athletic,https://e7.pngegg.com/pngimages/574/888/png-clipart-victor-moses-chelsea-f-c-premier-league-nigeria-national-football-team-wigan-athletic-f-c-plate-directory-tshirt-blue.png,True
Jean BEAUSEJOUR,Wigan Athletic,https://c8.alamy.com/comp/2BB2GA7/jean-beausejour-wigan-athletic-2BB2GA7.jpg,True
Gary CALDWELL,Wigan Athletic,https://c8.alamy.com/comp/2D5MDAD/gary-caldwell-wigan-athletic-2D5MDAD.jpg,True
Steve GOHOURI,Wigan Athletic,https://imgresizer.eurosport.com/unsafe/1200x1200/smart/filters:format(jpeg)/origin-imgresizer.eurosport.com/2016/01/02/1763522-37268587-2560-1440.jpg,True
Franco DI SANTO,Wigan Athletic,https://c8.alamy.com/compfr/2bb1yxj/franco-di-santo-wigan-athletic-2bb1yxj.jpg,True
Emmerson BOYCE,Wigan Athletic,https://c8.alamy.com/comp/2D5MDA1/emmerson-boyce-wigan-athletic-2D5MDA1.jpg,True
Conor SAMMON,Wigan Athletic,https://c8.alamy.com/comp/JB744B/conor-sammon-wigan-athletic-fc-wigan-athletic-fc-dw-stadium-wigan-JB744B.jpg,True
Ben WATSON,Wigan Athletic,https://c8.alamy.com/comp/J78200/ben-watson-wigan-athletic-fc-wigan-athletic-fc-dw-stadium-wigan-england-J78200.jpg,True
Ali AL-HABSI,Wigan Athletic,https://digitalhub.fifa.com/transform/da7bce0f-1307-497e-b460-5a37b800122c/FIFAPLS_MD_S_Habsi_Trailer_Thumb_01,True
Callum MCMANAMAN,Wigan Athletic,https://c8.alamy.com/compfr/2d5mdaw/callum-mcmanaman-wigan-athletic-2d5mdaw.jpg,True
Hugo RODALLEGA,Wigan Athletic,https://i.goalzz.com/?i=o%2Fp%2F25%2F185%2Fhugo-rodallega-1.png,True
Ronnie STAM,Wigan Athletic,https://media.gettyimages.com/id/849038338/photo/ronnie-stam-wigan-athletic.jpg?s=612x612&w=gi&k=20&c=6FCbdXTvWWNAjfH-pt_vNb74lKzE4-XkNHx5VQgjf_c=,True
Steven FLETCHER,Wolverhampton Wanderers,https://resources.premierleague.com/premierleague/photos/players/250x250/p18953.png,True
Stephen HUNT,Wolverhampton Wanderers,https://c8.alamy.com/comp/JB76XC/stephen-hunt-wolverhampton-wanderers-fc-wolverhampton-wanderers-fc-JB76XC.jpg,True
Stefan MAIERHOFER,Wolverhampton Wanderers,https://pbs.twimg.com/media/FldkxdOWQAMajBy.png,True
Roger JOHNSON,Wolverhampton Wanderers,https://encrypted-tbn0.gstatic.com/images?q=tbn:ANd9GcRsGak4cP6EpbFyMpAt3w-yVaB5PZp7jEEUceIQ1TdAcg&s,True
Richard STEARMAN,Wolverhampton Wanderers,https://resources.premierleague.com/premierleague/photos/players/250x250/p18832.png,True
Matthew JARVIS,Wolverhampton Wanderers,https://wolves-cdn.azureedge.net/media/12751/jarvis-1.jpg,True
Dorus DE VRIES,Wolverhampton Wanderers,https://i.ebayimg.com/images/g/fvsAAMXQwKdRb53B/s-l500.jpg,True
Kevin FOLEY,Wolverhampton Wanderers,https://sofoot.s3.eu-central-1.amazonaws.com/wp-content/uploads/2023/01/27065832/kevin-foley.png,True
Kevin DOYLE,Wolverhampton Wanderers,https://encrypted-tbn0.gstatic.com/images?q=tbn:ANd9GcT3znPkBgZlhOz0IwZWPzQsc0QBzfsPUlTZJRFuJNMJ5A&s,True
Karl HENRY,Wolverhampton Wanderers,https://www.mediastorehouse.co.uk/p/208/karl-henry-birmingham-city-vs-wolves-1405463.jpg.webp,True
Jamie O'HARA,Wolverhampton Wanderers,https://ichef.bbci.co.uk/onesport/cps/624/mcs/media/images/77254000/jpg/_77254523_o'haraindex.jpg,True
George ELOKOBI,Wolverhampton Wanderers,https://upload.wikimedia.org/wikipedia/commons/8/82/George_Elokobi_1.png,True
Christophe BERRA,Wolverhampton Wanderers,https://i2-prod.birminghammail.co.uk/incoming/article244895.ece/ALTERNATES/s615b/christophe-berra-123859099.jpg,True
Stephen WARD,Wolverhampton Wanderers,https://resources.premierleague.com/premierleague/photos/players/250x250/p40616.png,True
John GORMAN,Wolverhampton Wanderers,https://images.fotmob.com/image_resources/playerimages/203823.png,True
Eggert JONSSON,Wolverhampton Wanderers,https://sm.imgix.net/12/50/eggert-jonsson-wolverhampton-wanderers.jpg,True
David DAVIS,Wolverhampton Wanderers,https://i2-prod.birminghammail.co.uk/incoming/article2507944.ece/ALTERNATES/s1200b/David-Davis.jpg,True
Michael KIGHTLY,Wolverhampton Wanderers,https://upload.wikimedia.org/wikipedia/commons/5/54/KightlyWolves07.png,True
Sam VOKES,Wolverhampton Wanderers,https://i.goalzz.com/?i=o%2Fp%2F7%2F257%2Fsam-vokes-1.png,True
Adam HAMMILL,Wolverhampton Wanderers,https://i2-prod.birminghammail.co.uk/incoming/article323622.ece/ALTERNATES/s1200c/hammill.jpg,True
Sebastien BASSONG,Wolverhampton Wanderers,https://c8.alamy.com/compfr/g4mchk/football-uefa-europa-league-groupe-a-tottenham-hotspur-v-rubin-kazan-white-hart-lane-sebastien-bassong-tottenham-hotspur-g4mchk.jpg,True
Adlene GUEDIOURA,Wolverhampton Wanderers,https://i2-prod.birminghammail.co.uk/incoming/article110746.ece/ALTERNATES/s615b/g-458774245.jpg,True
David EDWARDS,Wolverhampton Wanderers,https://i.ebayimg.com/images/g/8EkAAOxy1klRb2~m/s-l500.jpg,True
Matt DOHERTY,Wolverhampton Wanderers,https://image.pngaaa.com/183/1115183-middle.png,True
Nenad MILIJAS,Wolverhampton Wanderers,https://resources.premierleague.com/premierleague/photos/players/250x250/p41208.png,True
Sylvan EBANKS-BLAKE,Wolverhampton Wanderers,https://upload.wikimedia.org/wikipedia/commons/thumb/a/ae/Sylvan_Ebanks-Blake_1.png/640px-Sylvan_Ebanks-Blake_1.png,True
Anthony FORDE,Wolverhampton Wanderers,https://i.ebayimg.com/images/g/kXgAAMXQwKdRe5Uu/s-l500.jpg,True
Ronald ZUBAR,Wolverhampton Wanderers,https://www.wolvespics.com/p/208/new-signing-ronald-zubar-wolverhampton-wanderers-1615879.jpg.webp,True
Jody CRADDOCK,Wolverhampton Wanderers,https://resources.premierleague.com/premierleague/photos/players/250x250/p1989.png,True
Emmanuel FRIMPONG,Wolverhampton Wanderers,https://www.arsenalpics.com/p/5/emmanuel-frimpong-arsenal-arsenal-1st-team-3777091.jpg.webp,True
Wayne HENNESSEY,Wolverhampton Wanderers,https://resources.premierleague.com/premierleague/photos/players/250x250/p20066.png,True
Carl IKEME,Wolverhampton Wanderers,https://resources.premierleague.com/premierleague/photos/players/250x250/p17687.png,True
